group,text,expected,owner,action,review
general_entity_deception_and_misuse,This caller is pretending to be official support and requested account access from a customer; RC4 development 1.,Identity Theft & Impersonation,Normal/Ignore,Allow,False
general_entity_deception_and_misuse,The account is posing as a business representative and sends messages to a resident; RC4 development 2.,Identity Theft & Impersonation,Normal/Ignore,Allow,False
general_entity_deception_and_misuse,This profile impersonates a government office and collects payments from a visitor; RC4 development 3.,Identity Theft & Impersonation,Normal/Ignore,Allow,False
general_entity_deception_and_misuse,Evidence indicates the message falsely represents a company and requests credentials from a seller; RC4 development 4.,Identity Theft & Impersonation,Normal/Ignore,Allow,False
general_entity_deception_and_misuse,This caller is pretending to be official support and requested account access from a customer; RC4 development 5.,Identity Theft & Impersonation,Normal/Ignore,Allow,False
general_entity_deception_and_misuse,The account is posing as a business representative and sends messages to a resident; RC4 development 6.,Identity Theft & Impersonation,Normal/Ignore,Allow,False
general_entity_deception_and_misuse,This profile impersonates a government office and collects payments from a visitor; RC4 development 7.,Identity Theft & Impersonation,Normal/Ignore,Allow,False
general_entity_deception_and_misuse,Evidence indicates the message falsely represents a company and requests credentials from a seller; RC4 development 8.,Identity Theft & Impersonation,Normal/Ignore,Allow,False
general_entity_deception_and_misuse,This caller is pretending to be official support and requested account access from a customer; RC4 development 9.,Identity Theft & Impersonation,Normal/Ignore,Allow,False
general_entity_deception_and_misuse,The account is posing as a business representative and sends messages to a resident; RC4 development 10.,Identity Theft & Impersonation,Normal/Ignore,Allow,False
general_entity_deception_and_misuse,This profile impersonates a government office and collects payments from a visitor; RC4 development 11.,Identity Theft & Impersonation,Normal/Ignore,Allow,False
general_entity_deception_and_misuse,Evidence indicates the message falsely represents a company and requests credentials from a seller; RC4 development 12.,Identity Theft & Impersonation,Normal/Ignore,Allow,False
general_entity_deception_and_misuse,This caller is pretending to be official support and requested account access from a customer; RC4 development 13.,Identity Theft & Impersonation,Normal/Ignore,Allow,False
general_entity_deception_and_misuse,The account is posing as a business representative and sends messages to a resident; RC4 development 14.,Identity Theft & Impersonation,Normal/Ignore,Allow,False
general_entity_deception_and_misuse,This profile impersonates a government office and collects payments from a visitor; RC4 development 15.,Identity Theft & Impersonation,Normal/Ignore,Allow,False
general_entity_deception_and_misuse,Evidence indicates the message falsely represents a company and requests credentials from a seller; RC4 development 16.,Identity Theft & Impersonation,Normal/Ignore,Allow,False
general_entity_deception_and_misuse,This caller is pretending to be official support and requested account access from a customer; RC4 development 17.,Identity Theft & Impersonation,Normal/Ignore,Allow,False
general_entity_deception_and_misuse,The account is posing as a business representative and sends messages to a resident; RC4 development 18.,Identity Theft & Impersonation,Normal/Ignore,Allow,False
general_entity_deception_and_misuse,This profile impersonates a government office and collects payments from a visitor; RC4 development 19.,Identity Theft & Impersonation,Normal/Ignore,Allow,False
general_entity_deception_and_misuse,Evidence indicates the message falsely represents a company and requests credentials from a seller; RC4 development 20.,Identity Theft & Impersonation,Normal/Ignore,Allow,False
general_entity_deception_and_misuse,This caller is pretending to be official support and requested account access from a customer; RC4 development 21.,Identity Theft & Impersonation,Normal/Ignore,Allow,False
general_entity_deception_and_misuse,The account is posing as a business representative and sends messages to a resident; RC4 development 22.,Identity Theft & Impersonation,Normal/Ignore,Allow,False
general_entity_deception_and_misuse,This profile impersonates a government office and collects payments from a visitor; RC4 development 23.,Identity Theft & Impersonation,Normal/Ignore,Allow,False
general_entity_deception_and_misuse,Evidence indicates the message falsely represents a company and requests credentials from a seller; RC4 development 24.,Identity Theft & Impersonation,Normal/Ignore,Allow,False
general_entity_deception_and_misuse,This caller is pretending to be official support and requested account access from a customer; RC4 development 25.,Identity Theft & Impersonation,Normal/Ignore,Allow,False
general_entity_deception_and_misuse,The account is posing as a business representative and sends messages to a resident; RC4 development 26.,Identity Theft & Impersonation,Normal/Ignore,Allow,False
general_entity_deception_and_misuse,This profile impersonates a government office and collects payments from a visitor; RC4 development 27.,Identity Theft & Impersonation,Normal/Ignore,Allow,False
general_entity_deception_and_misuse,Evidence indicates the message falsely represents a company and requests credentials from a seller; RC4 development 28.,Identity Theft & Impersonation,Normal/Ignore,Allow,False
general_entity_deception_and_misuse,This caller is pretending to be official support and requested account access from a customer; RC4 development 29.,Identity Theft & Impersonation,Normal/Ignore,Allow,False
general_entity_deception_and_misuse,The account is posing as a business representative and sends messages to a resident; RC4 development 30.,Identity Theft & Impersonation,Normal/Ignore,Allow,False
general_entity_deception_and_misuse,This profile impersonates a government office and collects payments from a visitor; RC4 development 31.,Identity Theft & Impersonation,Normal/Ignore,Allow,False
general_entity_deception_and_misuse,Evidence indicates the message falsely represents a company and requests credentials from a seller; RC4 development 32.,Identity Theft & Impersonation,Normal/Ignore,Allow,False
general_entity_deception_and_misuse,This caller is pretending to be official support and requested account access from a customer; RC4 development 33.,Identity Theft & Impersonation,Normal/Ignore,Allow,False
general_entity_deception_and_misuse,The account is posing as a business representative and sends messages to a resident; RC4 development 34.,Identity Theft & Impersonation,Normal/Ignore,Allow,False
general_entity_deception_and_misuse,This profile impersonates a government office and collects payments from a visitor; RC4 development 35.,Identity Theft & Impersonation,Normal/Ignore,Allow,False
general_entity_deception_and_misuse,Evidence indicates the message falsely represents a company and requests credentials from a seller; RC4 development 36.,Identity Theft & Impersonation,Normal/Ignore,Allow,False
general_entity_deception_and_misuse,This caller is pretending to be official support and requested account access from a customer; RC4 development 37.,Identity Theft & Impersonation,Normal/Ignore,Allow,False
general_entity_deception_and_misuse,The account is posing as a business representative and sends messages to a resident; RC4 development 38.,Identity Theft & Impersonation,Normal/Ignore,Allow,False
general_entity_deception_and_misuse,This profile impersonates a government office and collects payments from a visitor; RC4 development 39.,Identity Theft & Impersonation,Normal/Ignore,Allow,False
general_entity_deception_and_misuse,Evidence indicates the message falsely represents a company and requests credentials from a seller; RC4 development 40.,Identity Theft & Impersonation,Normal/Ignore,Allow,False
general_entity_deception_and_misuse,This caller is pretending to be official support and requested account access from a customer; RC4 development 41.,Identity Theft & Impersonation,Normal/Ignore,Allow,False
general_entity_deception_and_misuse,The account is posing as a business representative and sends messages to a resident; RC4 development 42.,Identity Theft & Impersonation,Normal/Ignore,Allow,False
general_entity_deception_and_misuse,This profile impersonates a government office and collects payments from a visitor; RC4 development 43.,Identity Theft & Impersonation,Normal/Ignore,Allow,False
general_entity_deception_and_misuse,Evidence indicates the message falsely represents a company and requests credentials from a seller; RC4 development 44.,Identity Theft & Impersonation,Normal/Ignore,Allow,False
general_entity_deception_and_misuse,This caller is pretending to be official support and requested account access from a customer; RC4 development 45.,Identity Theft & Impersonation,Normal/Ignore,Allow,False
general_entity_deception_and_misuse,The account is posing as a business representative and sends messages to a resident; RC4 development 46.,Identity Theft & Impersonation,Normal/Ignore,Allow,False
general_entity_deception_and_misuse,This profile impersonates a government office and collects payments from a visitor; RC4 development 47.,Identity Theft & Impersonation,Normal/Ignore,Allow,False
general_entity_deception_and_misuse,Evidence indicates the message falsely represents a company and requests credentials from a seller; RC4 development 48.,Identity Theft & Impersonation,Normal/Ignore,Allow,False
general_entity_deception_and_misuse,This caller is pretending to be official support and requested account access from a customer; RC4 development 49.,Identity Theft & Impersonation,Normal/Ignore,Allow,False
general_entity_deception_and_misuse,The account is posing as a business representative and sends messages to a resident; RC4 development 50.,Identity Theft & Impersonation,Normal/Ignore,Allow,False
general_entity_deception_and_misuse,This profile impersonates a government office and collects payments from a visitor; RC4 development 51.,Identity Theft & Impersonation,Normal/Ignore,Allow,False
general_entity_deception_and_misuse,Evidence indicates the message falsely represents a company and requests credentials from a seller; RC4 development 52.,Identity Theft & Impersonation,Normal/Ignore,Allow,False
general_entity_deception_and_misuse,This caller is pretending to be official support and requested account access from a customer; RC4 development 53.,Identity Theft & Impersonation,Normal/Ignore,Allow,False
general_entity_deception_and_misuse,The account is posing as a business representative and sends messages to a resident; RC4 development 54.,Identity Theft & Impersonation,Normal/Ignore,Allow,False
general_entity_deception_and_misuse,This profile impersonates a government office and collects payments from a visitor; RC4 development 55.,Identity Theft & Impersonation,Normal/Ignore,Allow,False
general_entity_deception_and_misuse,Evidence indicates the message falsely represents a company and requests credentials from a seller; RC4 development 56.,Identity Theft & Impersonation,Normal/Ignore,Allow,False
general_entity_deception_and_misuse,This caller is pretending to be official support and requested account access from a customer; RC4 development 57.,Identity Theft & Impersonation,Normal/Ignore,Allow,False
general_entity_deception_and_misuse,The account is posing as a business representative and sends messages to a resident; RC4 development 58.,Identity Theft & Impersonation,Normal/Ignore,Allow,False
general_entity_deception_and_misuse,This profile impersonates a government office and collects payments from a visitor; RC4 development 59.,Identity Theft & Impersonation,Normal/Ignore,Allow,False
general_entity_deception_and_misuse,Evidence indicates the message falsely represents a company and requests credentials from a seller; RC4 development 60.,Identity Theft & Impersonation,Normal/Ignore,Allow,False
general_entity_deception_and_misuse,This caller is pretending to be official support and requested account access from a customer; RC4 development 61.,Identity Theft & Impersonation,Normal/Ignore,Allow,False
general_entity_deception_and_misuse,The account is posing as a business representative and sends messages to a resident; RC4 development 62.,Identity Theft & Impersonation,Normal/Ignore,Allow,False
general_entity_deception_and_misuse,This profile impersonates a government office and collects payments from a visitor; RC4 development 63.,Identity Theft & Impersonation,Normal/Ignore,Allow,False
general_entity_deception_and_misuse,Evidence indicates the message falsely represents a company and requests credentials from a seller; RC4 development 64.,Identity Theft & Impersonation,Normal/Ignore,Allow,False
general_entity_deception_and_misuse,This caller is pretending to be official support and requested account access from a customer; RC4 development 65.,Identity Theft & Impersonation,Normal/Ignore,Allow,False
general_entity_deception_and_misuse,The account is posing as a business representative and sends messages to a resident; RC4 development 66.,Identity Theft & Impersonation,Normal/Ignore,Allow,False
general_entity_deception_and_misuse,This profile impersonates a government office and collects payments from a visitor; RC4 development 67.,Identity Theft & Impersonation,Normal/Ignore,Allow,False
general_entity_deception_and_misuse,Evidence indicates the message falsely represents a company and requests credentials from a seller; RC4 development 68.,Identity Theft & Impersonation,Normal/Ignore,Allow,False
general_entity_deception_and_misuse,This caller is pretending to be official support and requested account access from a customer; RC4 development 69.,Identity Theft & Impersonation,Normal/Ignore,Allow,False
general_entity_deception_and_misuse,The account is posing as a business representative and sends messages to a resident; RC4 development 70.,Identity Theft & Impersonation,Normal/Ignore,Allow,False
general_entity_deception_and_misuse,This profile impersonates a government office and collects payments from a visitor; RC4 development 71.,Identity Theft & Impersonation,Normal/Ignore,Allow,False
general_entity_deception_and_misuse,Evidence indicates the message falsely represents a company and requests credentials from a seller; RC4 development 72.,Identity Theft & Impersonation,Normal/Ignore,Allow,False
general_entity_deception_and_misuse,This caller is pretending to be official support and requested account access from a customer; RC4 development 73.,Identity Theft & Impersonation,Normal/Ignore,Allow,False
general_entity_deception_and_misuse,The account is posing as a business representative and sends messages to a resident; RC4 development 74.,Identity Theft & Impersonation,Normal/Ignore,Allow,False
general_entity_deception_and_misuse,This profile impersonates a government office and collects payments from a visitor; RC4 development 75.,Identity Theft & Impersonation,Normal/Ignore,Allow,False
general_entity_deception_and_misuse,Evidence indicates the message falsely represents a company and requests credentials from a seller; RC4 development 76.,Identity Theft & Impersonation,Normal/Ignore,Allow,False
general_entity_deception_and_misuse,This caller is pretending to be official support and requested account access from a customer; RC4 development 77.,Identity Theft & Impersonation,Normal/Ignore,Allow,False
general_entity_deception_and_misuse,The account is posing as a business representative and sends messages to a resident; RC4 development 78.,Identity Theft & Impersonation,Normal/Ignore,Allow,False
general_entity_deception_and_misuse,This profile impersonates a government office and collects payments from a visitor; RC4 development 79.,Identity Theft & Impersonation,Normal/Ignore,Allow,False
general_entity_deception_and_misuse,Evidence indicates the message falsely represents a company and requests credentials from a seller; RC4 development 80.,Identity Theft & Impersonation,Normal/Ignore,Allow,False
person_and_identity_theft_regression,Someone is impersonating me using a cloned account and sends messages to contacts; RC4 development 1 for a customer.,Identity Theft & Impersonation,Normal/Ignore,Allow,False
person_and_identity_theft_regression,The profile is posing as her and using her photo to request account access; RC4 development 2 for a resident.,Identity Theft & Impersonation,Normal/Ignore,Allow,False
person_and_identity_theft_regression,Someone has stolen my identity and opened an account in my name; RC4 development 3 for a visitor.,Identity Theft & Impersonation,Normal/Ignore,Allow,False
person_and_identity_theft_regression,Evidence indicates this user uses personal information without permission and opened a new account; RC4 development 4 for a seller.,Identity Theft & Impersonation,Normal/Ignore,Allow,False
person_and_identity_theft_regression,Someone is impersonating me using a cloned account and sends messages to contacts; RC4 development 5 for a customer.,Identity Theft & Impersonation,Normal/Ignore,Allow,False
person_and_identity_theft_regression,The profile is posing as her and using her photo to request account access; RC4 development 6 for a resident.,Identity Theft & Impersonation,Normal/Ignore,Allow,False
person_and_identity_theft_regression,Someone has stolen my identity and opened an account in my name; RC4 development 7 for a visitor.,Identity Theft & Impersonation,Normal/Ignore,Allow,False
person_and_identity_theft_regression,Evidence indicates this user uses personal information without permission and opened a new account; RC4 development 8 for a seller.,Identity Theft & Impersonation,Normal/Ignore,Allow,False
person_and_identity_theft_regression,Someone is impersonating me using a cloned account and sends messages to contacts; RC4 development 9 for a customer.,Identity Theft & Impersonation,Normal/Ignore,Allow,False
person_and_identity_theft_regression,The profile is posing as her and using her photo to request account access; RC4 development 10 for a resident.,Identity Theft & Impersonation,Normal/Ignore,Allow,False
person_and_identity_theft_regression,Someone has stolen my identity and opened an account in my name; RC4 development 11 for a visitor.,Identity Theft & Impersonation,Normal/Ignore,Allow,False
person_and_identity_theft_regression,Evidence indicates this user uses personal information without permission and opened a new account; RC4 development 12 for a seller.,Identity Theft & Impersonation,Normal/Ignore,Allow,False
person_and_identity_theft_regression,Someone is impersonating me using a cloned account and sends messages to contacts; RC4 development 13 for a customer.,Identity Theft & Impersonation,Normal/Ignore,Allow,False
person_and_identity_theft_regression,The profile is posing as her and using her photo to request account access; RC4 development 14 for a resident.,Identity Theft & Impersonation,Normal/Ignore,Allow,False
person_and_identity_theft_regression,Someone has stolen my identity and opened an account in my name; RC4 development 15 for a visitor.,Identity Theft & Impersonation,Normal/Ignore,Allow,False
person_and_identity_theft_regression,Evidence indicates this user uses personal information without permission and opened a new account; RC4 development 16 for a seller.,Identity Theft & Impersonation,Normal/Ignore,Allow,False
person_and_identity_theft_regression,Someone is impersonating me using a cloned account and sends messages to contacts; RC4 development 17 for a customer.,Identity Theft & Impersonation,Normal/Ignore,Allow,False
person_and_identity_theft_regression,The profile is posing as her and using her photo to request account access; RC4 development 18 for a resident.,Identity Theft & Impersonation,Normal/Ignore,Allow,False
person_and_identity_theft_regression,Someone has stolen my identity and opened an account in my name; RC4 development 19 for a visitor.,Identity Theft & Impersonation,Normal/Ignore,Allow,False
person_and_identity_theft_regression,Evidence indicates this user uses personal information without permission and opened a new account; RC4 development 20 for a seller.,Identity Theft & Impersonation,Normal/Ignore,Allow,False
person_and_identity_theft_regression,Someone is impersonating me using a cloned account and sends messages to contacts; RC4 development 21 for a customer.,Identity Theft & Impersonation,Normal/Ignore,Allow,False
person_and_identity_theft_regression,The profile is posing as her and using her photo to request account access; RC4 development 22 for a resident.,Identity Theft & Impersonation,Normal/Ignore,Allow,False
person_and_identity_theft_regression,Someone has stolen my identity and opened an account in my name; RC4 development 23 for a visitor.,Identity Theft & Impersonation,Normal/Ignore,Allow,False
person_and_identity_theft_regression,Evidence indicates this user uses personal information without permission and opened a new account; RC4 development 24 for a seller.,Identity Theft & Impersonation,Normal/Ignore,Allow,False
person_and_identity_theft_regression,Someone is impersonating me using a cloned account and sends messages to contacts; RC4 development 25 for a customer.,Identity Theft & Impersonation,Normal/Ignore,Allow,False
person_and_identity_theft_regression,The profile is posing as her and using her photo to request account access; RC4 development 26 for a resident.,Identity Theft & Impersonation,Normal/Ignore,Allow,False
person_and_identity_theft_regression,Someone has stolen my identity and opened an account in my name; RC4 development 27 for a visitor.,Identity Theft & Impersonation,Normal/Ignore,Allow,False
person_and_identity_theft_regression,Evidence indicates this user uses personal information without permission and opened a new account; RC4 development 28 for a seller.,Identity Theft & Impersonation,Normal/Ignore,Allow,False
person_and_identity_theft_regression,Someone is impersonating me using a cloned account and sends messages to contacts; RC4 development 29 for a customer.,Identity Theft & Impersonation,Normal/Ignore,Allow,False
person_and_identity_theft_regression,The profile is posing as her and using her photo to request account access; RC4 development 30 for a resident.,Identity Theft & Impersonation,Normal/Ignore,Allow,False
person_and_identity_theft_regression,Someone has stolen my identity and opened an account in my name; RC4 development 31 for a visitor.,Identity Theft & Impersonation,Normal/Ignore,Allow,False
person_and_identity_theft_regression,Evidence indicates this user uses personal information without permission and opened a new account; RC4 development 32 for a seller.,Identity Theft & Impersonation,Normal/Ignore,Allow,False
person_and_identity_theft_regression,Someone is impersonating me using a cloned account and sends messages to contacts; RC4 development 33 for a customer.,Identity Theft & Impersonation,Normal/Ignore,Allow,False
person_and_identity_theft_regression,The profile is posing as her and using her photo to request account access; RC4 development 34 for a resident.,Identity Theft & Impersonation,Normal/Ignore,Allow,False
person_and_identity_theft_regression,Someone has stolen my identity and opened an account in my name; RC4 development 35 for a visitor.,Identity Theft & Impersonation,Normal/Ignore,Allow,False
person_and_identity_theft_regression,Evidence indicates this user uses personal information without permission and opened a new account; RC4 development 36 for a seller.,Identity Theft & Impersonation,Normal/Ignore,Allow,False
person_and_identity_theft_regression,Someone is impersonating me using a cloned account and sends messages to contacts; RC4 development 37 for a customer.,Identity Theft & Impersonation,Normal/Ignore,Allow,False
person_and_identity_theft_regression,The profile is posing as her and using her photo to request account access; RC4 development 38 for a resident.,Identity Theft & Impersonation,Normal/Ignore,Allow,False
person_and_identity_theft_regression,Someone has stolen my identity and opened an account in my name; RC4 development 39 for a visitor.,Identity Theft & Impersonation,Normal/Ignore,Allow,False
person_and_identity_theft_regression,Evidence indicates this user uses personal information without permission and opened a new account; RC4 development 40 for a seller.,Identity Theft & Impersonation,Normal/Ignore,Allow,False
person_and_identity_theft_regression,Someone is impersonating me using a cloned account and sends messages to contacts; RC4 development 41 for a customer.,Identity Theft & Impersonation,Normal/Ignore,Allow,False
person_and_identity_theft_regression,The profile is posing as her and using her photo to request account access; RC4 development 42 for a resident.,Identity Theft & Impersonation,Normal/Ignore,Allow,False
person_and_identity_theft_regression,Someone has stolen my identity and opened an account in my name; RC4 development 43 for a visitor.,Identity Theft & Impersonation,Normal/Ignore,Allow,False
person_and_identity_theft_regression,Evidence indicates this user uses personal information without permission and opened a new account; RC4 development 44 for a seller.,Identity Theft & Impersonation,Normal/Ignore,Allow,False
person_and_identity_theft_regression,Someone is impersonating me using a cloned account and sends messages to contacts; RC4 development 45 for a customer.,Identity Theft & Impersonation,Normal/Ignore,Allow,False
person_and_identity_theft_regression,The profile is posing as her and using her photo to request account access; RC4 development 46 for a resident.,Identity Theft & Impersonation,Normal/Ignore,Allow,False
person_and_identity_theft_regression,Someone has stolen my identity and opened an account in my name; RC4 development 47 for a visitor.,Identity Theft & Impersonation,Normal/Ignore,Allow,False
person_and_identity_theft_regression,Evidence indicates this user uses personal information without permission and opened a new account; RC4 development 48 for a seller.,Identity Theft & Impersonation,Normal/Ignore,Allow,False
person_and_identity_theft_regression,Someone is impersonating me using a cloned account and sends messages to contacts; RC4 development 49 for a customer.,Identity Theft & Impersonation,Normal/Ignore,Allow,False
person_and_identity_theft_regression,The profile is posing as her and using her photo to request account access; RC4 development 50 for a resident.,Identity Theft & Impersonation,Normal/Ignore,Allow,False
person_and_identity_theft_regression,Someone has stolen my identity and opened an account in my name; RC4 development 51 for a visitor.,Identity Theft & Impersonation,Normal/Ignore,Allow,False
person_and_identity_theft_regression,Evidence indicates this user uses personal information without permission and opened a new account; RC4 development 52 for a seller.,Identity Theft & Impersonation,Normal/Ignore,Allow,False
person_and_identity_theft_regression,Someone is impersonating me using a cloned account and sends messages to contacts; RC4 development 53 for a customer.,Identity Theft & Impersonation,Normal/Ignore,Allow,False
person_and_identity_theft_regression,The profile is posing as her and using her photo to request account access; RC4 development 54 for a resident.,Identity Theft & Impersonation,Normal/Ignore,Allow,False
person_and_identity_theft_regression,Someone has stolen my identity and opened an account in my name; RC4 development 55 for a visitor.,Identity Theft & Impersonation,Normal/Ignore,Allow,False
person_and_identity_theft_regression,Evidence indicates this user uses personal information without permission and opened a new account; RC4 development 56 for a seller.,Identity Theft & Impersonation,Normal/Ignore,Allow,False
person_and_identity_theft_regression,Someone is impersonating me using a cloned account and sends messages to contacts; RC4 development 57 for a customer.,Identity Theft & Impersonation,Normal/Ignore,Allow,False
person_and_identity_theft_regression,The profile is posing as her and using her photo to request account access; RC4 development 58 for a resident.,Identity Theft & Impersonation,Normal/Ignore,Allow,False
person_and_identity_theft_regression,Someone has stolen my identity and opened an account in my name; RC4 development 59 for a visitor.,Identity Theft & Impersonation,Normal/Ignore,Allow,False
person_and_identity_theft_regression,Evidence indicates this user uses personal information without permission and opened a new account; RC4 development 60 for a seller.,Identity Theft & Impersonation,Normal/Ignore,Allow,False
person_and_identity_theft_regression,Someone is impersonating me using a cloned account and sends messages to contacts; RC4 development 61 for a customer.,Identity Theft & Impersonation,Normal/Ignore,Allow,False
person_and_identity_theft_regression,The profile is posing as her and using her photo to request account access; RC4 development 62 for a resident.,Identity Theft & Impersonation,Normal/Ignore,Allow,False
person_and_identity_theft_regression,Someone has stolen my identity and opened an account in my name; RC4 development 63 for a visitor.,Identity Theft & Impersonation,Normal/Ignore,Allow,False
person_and_identity_theft_regression,Evidence indicates this user uses personal information without permission and opened a new account; RC4 development 64 for a seller.,Identity Theft & Impersonation,Normal/Ignore,Allow,False
person_and_identity_theft_regression,Someone is impersonating me using a cloned account and sends messages to contacts; RC4 development 65 for a customer.,Identity Theft & Impersonation,Normal/Ignore,Allow,False
person_and_identity_theft_regression,The profile is posing as her and using her photo to request account access; RC4 development 66 for a resident.,Identity Theft & Impersonation,Normal/Ignore,Allow,False
person_and_identity_theft_regression,Someone has stolen my identity and opened an account in my name; RC4 development 67 for a visitor.,Identity Theft & Impersonation,Normal/Ignore,Allow,False
person_and_identity_theft_regression,Evidence indicates this user uses personal information without permission and opened a new account; RC4 development 68 for a seller.,Identity Theft & Impersonation,Normal/Ignore,Allow,False
person_and_identity_theft_regression,Someone is impersonating me using a cloned account and sends messages to contacts; RC4 development 69 for a customer.,Identity Theft & Impersonation,Normal/Ignore,Allow,False
person_and_identity_theft_regression,The profile is posing as her and using her photo to request account access; RC4 development 70 for a resident.,Identity Theft & Impersonation,Normal/Ignore,Allow,False
person_and_identity_theft_regression,Someone has stolen my identity and opened an account in my name; RC4 development 71 for a visitor.,Identity Theft & Impersonation,Normal/Ignore,Allow,False
person_and_identity_theft_regression,Evidence indicates this user uses personal information without permission and opened a new account; RC4 development 72 for a seller.,Identity Theft & Impersonation,Normal/Ignore,Allow,False
person_and_identity_theft_regression,Someone is impersonating me using a cloned account and sends messages to contacts; RC4 development 73 for a customer.,Identity Theft & Impersonation,Normal/Ignore,Allow,False
person_and_identity_theft_regression,The profile is posing as her and using her photo to request account access; RC4 development 74 for a resident.,Identity Theft & Impersonation,Normal/Ignore,Allow,False
person_and_identity_theft_regression,Someone has stolen my identity and opened an account in my name; RC4 development 75 for a visitor.,Identity Theft & Impersonation,Normal/Ignore,Allow,False
person_and_identity_theft_regression,Evidence indicates this user uses personal information without permission and opened a new account; RC4 development 76 for a seller.,Identity Theft & Impersonation,Normal/Ignore,Allow,False
person_and_identity_theft_regression,Someone is impersonating me using a cloned account and sends messages to contacts; RC4 development 77 for a customer.,Identity Theft & Impersonation,Normal/Ignore,Allow,False
person_and_identity_theft_regression,The profile is posing as her and using her photo to request account access; RC4 development 78 for a resident.,Identity Theft & Impersonation,Normal/Ignore,Allow,False
person_and_identity_theft_regression,Someone has stolen my identity and opened an account in my name; RC4 development 79 for a visitor.,Identity Theft & Impersonation,Normal/Ignore,Allow,False
person_and_identity_theft_regression,Evidence indicates this user uses personal information without permission and opened a new account; RC4 development 80 for a seller.,Identity Theft & Impersonation,Normal/Ignore,Allow,False
identity_and_authorization_uncertainty,"This caller may be pretending to be official support, but authenticity is unclear; RC4 development 1 for a customer.",Uncertain,Normal/Ignore,Allow,False
identity_and_authorization_uncertainty,A possible fake account is posing as a company while authorization cannot be verified; RC4 development 2 for a resident.,Uncertain,Normal/Ignore,Allow,False
identity_and_authorization_uncertainty,"A cloned profile is reported, but profile provenance is unknown; RC4 development 3 for a visitor.",Uncertain,Normal/Ignore,Allow,False
identity_and_authorization_uncertainty,Only a screenshot is available for a possible impersonating account and identity remains unverified; RC4 development 4 for a seller.,Uncertain,Normal/Ignore,Allow,False
identity_and_authorization_uncertainty,"This caller may be pretending to be official support, but authenticity is unclear; RC4 development 5 for a customer.",Uncertain,Normal/Ignore,Allow,False
identity_and_authorization_uncertainty,A possible fake account is posing as a company while authorization cannot be verified; RC4 development 6 for a resident.,Uncertain,Normal/Ignore,Allow,False
identity_and_authorization_uncertainty,"A cloned profile is reported, but profile provenance is unknown; RC4 development 7 for a visitor.",Uncertain,Normal/Ignore,Allow,False
identity_and_authorization_uncertainty,Only a screenshot is available for a possible impersonating account and identity remains unverified; RC4 development 8 for a seller.,Uncertain,Normal/Ignore,Allow,False
identity_and_authorization_uncertainty,"This caller may be pretending to be official support, but authenticity is unclear; RC4 development 9 for a customer.",Uncertain,Normal/Ignore,Allow,False
identity_and_authorization_uncertainty,A possible fake account is posing as a company while authorization cannot be verified; RC4 development 10 for a resident.,Uncertain,Normal/Ignore,Allow,False
identity_and_authorization_uncertainty,"A cloned profile is reported, but profile provenance is unknown; RC4 development 11 for a visitor.",Uncertain,Normal/Ignore,Allow,False
identity_and_authorization_uncertainty,Only a screenshot is available for a possible impersonating account and identity remains unverified; RC4 development 12 for a seller.,Uncertain,Normal/Ignore,Allow,False
identity_and_authorization_uncertainty,"This caller may be pretending to be official support, but authenticity is unclear; RC4 development 13 for a customer.",Uncertain,Normal/Ignore,Allow,False
identity_and_authorization_uncertainty,A possible fake account is posing as a company while authorization cannot be verified; RC4 development 14 for a resident.,Uncertain,Normal/Ignore,Allow,False
identity_and_authorization_uncertainty,"A cloned profile is reported, but profile provenance is unknown; RC4 development 15 for a visitor.",Uncertain,Normal/Ignore,Allow,False
identity_and_authorization_uncertainty,Only a screenshot is available for a possible impersonating account and identity remains unverified; RC4 development 16 for a seller.,Uncertain,Normal/Ignore,Allow,False
identity_and_authorization_uncertainty,"This caller may be pretending to be official support, but authenticity is unclear; RC4 development 17 for a customer.",Uncertain,Normal/Ignore,Allow,False
identity_and_authorization_uncertainty,A possible fake account is posing as a company while authorization cannot be verified; RC4 development 18 for a resident.,Uncertain,Normal/Ignore,Allow,False
identity_and_authorization_uncertainty,"A cloned profile is reported, but profile provenance is unknown; RC4 development 19 for a visitor.",Uncertain,Normal/Ignore,Allow,False
identity_and_authorization_uncertainty,Only a screenshot is available for a possible impersonating account and identity remains unverified; RC4 development 20 for a seller.,Uncertain,Normal/Ignore,Allow,False
identity_and_authorization_uncertainty,"This caller may be pretending to be official support, but authenticity is unclear; RC4 development 21 for a customer.",Uncertain,Normal/Ignore,Allow,False
identity_and_authorization_uncertainty,A possible fake account is posing as a company while authorization cannot be verified; RC4 development 22 for a resident.,Uncertain,Normal/Ignore,Allow,False
identity_and_authorization_uncertainty,"A cloned profile is reported, but profile provenance is unknown; RC4 development 23 for a visitor.",Uncertain,Normal/Ignore,Allow,False
identity_and_authorization_uncertainty,Only a screenshot is available for a possible impersonating account and identity remains unverified; RC4 development 24 for a seller.,Uncertain,Normal/Ignore,Allow,False
identity_and_authorization_uncertainty,"This caller may be pretending to be official support, but authenticity is unclear; RC4 development 25 for a customer.",Uncertain,Normal/Ignore,Allow,False
identity_and_authorization_uncertainty,A possible fake account is posing as a company while authorization cannot be verified; RC4 development 26 for a resident.,Uncertain,Normal/Ignore,Allow,False
identity_and_authorization_uncertainty,"A cloned profile is reported, but profile provenance is unknown; RC4 development 27 for a visitor.",Uncertain,Normal/Ignore,Allow,False
identity_and_authorization_uncertainty,Only a screenshot is available for a possible impersonating account and identity remains unverified; RC4 development 28 for a seller.,Uncertain,Normal/Ignore,Allow,False
identity_and_authorization_uncertainty,"This caller may be pretending to be official support, but authenticity is unclear; RC4 development 29 for a customer.",Uncertain,Normal/Ignore,Allow,False
identity_and_authorization_uncertainty,A possible fake account is posing as a company while authorization cannot be verified; RC4 development 30 for a resident.,Uncertain,Normal/Ignore,Allow,False
identity_and_authorization_uncertainty,"A cloned profile is reported, but profile provenance is unknown; RC4 development 31 for a visitor.",Uncertain,Normal/Ignore,Allow,False
identity_and_authorization_uncertainty,Only a screenshot is available for a possible impersonating account and identity remains unverified; RC4 development 32 for a seller.,Uncertain,Normal/Ignore,Allow,False
identity_and_authorization_uncertainty,"This caller may be pretending to be official support, but authenticity is unclear; RC4 development 33 for a customer.",Uncertain,Normal/Ignore,Allow,False
identity_and_authorization_uncertainty,A possible fake account is posing as a company while authorization cannot be verified; RC4 development 34 for a resident.,Uncertain,Normal/Ignore,Allow,False
identity_and_authorization_uncertainty,"A cloned profile is reported, but profile provenance is unknown; RC4 development 35 for a visitor.",Uncertain,Normal/Ignore,Allow,False
identity_and_authorization_uncertainty,Only a screenshot is available for a possible impersonating account and identity remains unverified; RC4 development 36 for a seller.,Uncertain,Normal/Ignore,Allow,False
identity_and_authorization_uncertainty,"This caller may be pretending to be official support, but authenticity is unclear; RC4 development 37 for a customer.",Uncertain,Normal/Ignore,Allow,False
identity_and_authorization_uncertainty,A possible fake account is posing as a company while authorization cannot be verified; RC4 development 38 for a resident.,Uncertain,Normal/Ignore,Allow,False
identity_and_authorization_uncertainty,"A cloned profile is reported, but profile provenance is unknown; RC4 development 39 for a visitor.",Uncertain,Normal/Ignore,Allow,False
identity_and_authorization_uncertainty,Only a screenshot is available for a possible impersonating account and identity remains unverified; RC4 development 40 for a seller.,Uncertain,Normal/Ignore,Allow,False
identity_and_authorization_uncertainty,"This caller may be pretending to be official support, but authenticity is unclear; RC4 development 41 for a customer.",Uncertain,Normal/Ignore,Allow,False
identity_and_authorization_uncertainty,A possible fake account is posing as a company while authorization cannot be verified; RC4 development 42 for a resident.,Uncertain,Normal/Ignore,Allow,False
identity_and_authorization_uncertainty,"A cloned profile is reported, but profile provenance is unknown; RC4 development 43 for a visitor.",Uncertain,Normal/Ignore,Allow,False
identity_and_authorization_uncertainty,Only a screenshot is available for a possible impersonating account and identity remains unverified; RC4 development 44 for a seller.,Uncertain,Normal/Ignore,Allow,False
identity_and_authorization_uncertainty,"This caller may be pretending to be official support, but authenticity is unclear; RC4 development 45 for a customer.",Uncertain,Normal/Ignore,Allow,False
identity_and_authorization_uncertainty,A possible fake account is posing as a company while authorization cannot be verified; RC4 development 46 for a resident.,Uncertain,Normal/Ignore,Allow,False
identity_and_authorization_uncertainty,"A cloned profile is reported, but profile provenance is unknown; RC4 development 47 for a visitor.",Uncertain,Normal/Ignore,Allow,False
identity_and_authorization_uncertainty,Only a screenshot is available for a possible impersonating account and identity remains unverified; RC4 development 48 for a seller.,Uncertain,Normal/Ignore,Allow,False
identity_and_authorization_uncertainty,"This caller may be pretending to be official support, but authenticity is unclear; RC4 development 49 for a customer.",Uncertain,Normal/Ignore,Allow,False
identity_and_authorization_uncertainty,A possible fake account is posing as a company while authorization cannot be verified; RC4 development 50 for a resident.,Uncertain,Normal/Ignore,Allow,False
identity_and_authorization_uncertainty,"A cloned profile is reported, but profile provenance is unknown; RC4 development 51 for a visitor.",Uncertain,Normal/Ignore,Allow,False
identity_and_authorization_uncertainty,Only a screenshot is available for a possible impersonating account and identity remains unverified; RC4 development 52 for a seller.,Uncertain,Normal/Ignore,Allow,False
identity_and_authorization_uncertainty,"This caller may be pretending to be official support, but authenticity is unclear; RC4 development 53 for a customer.",Uncertain,Normal/Ignore,Allow,False
identity_and_authorization_uncertainty,A possible fake account is posing as a company while authorization cannot be verified; RC4 development 54 for a resident.,Uncertain,Normal/Ignore,Allow,False
identity_and_authorization_uncertainty,"A cloned profile is reported, but profile provenance is unknown; RC4 development 55 for a visitor.",Uncertain,Normal/Ignore,Allow,False
identity_and_authorization_uncertainty,Only a screenshot is available for a possible impersonating account and identity remains unverified; RC4 development 56 for a seller.,Uncertain,Normal/Ignore,Allow,False
identity_and_authorization_uncertainty,"This caller may be pretending to be official support, but authenticity is unclear; RC4 development 57 for a customer.",Uncertain,Normal/Ignore,Allow,False
identity_and_authorization_uncertainty,A possible fake account is posing as a company while authorization cannot be verified; RC4 development 58 for a resident.,Uncertain,Normal/Ignore,Allow,False
identity_and_authorization_uncertainty,"A cloned profile is reported, but profile provenance is unknown; RC4 development 59 for a visitor.",Uncertain,Normal/Ignore,Allow,False
identity_and_authorization_uncertainty,Only a screenshot is available for a possible impersonating account and identity remains unverified; RC4 development 60 for a seller.,Uncertain,Normal/Ignore,Allow,False
identity_and_authorization_uncertainty,"This caller may be pretending to be official support, but authenticity is unclear; RC4 development 61 for a customer.",Uncertain,Normal/Ignore,Allow,False
identity_and_authorization_uncertainty,A possible fake account is posing as a company while authorization cannot be verified; RC4 development 62 for a resident.,Uncertain,Normal/Ignore,Allow,False
identity_and_authorization_uncertainty,"A cloned profile is reported, but profile provenance is unknown; RC4 development 63 for a visitor.",Uncertain,Normal/Ignore,Allow,False
identity_and_authorization_uncertainty,Only a screenshot is available for a possible impersonating account and identity remains unverified; RC4 development 64 for a seller.,Uncertain,Normal/Ignore,Allow,False
identity_and_authorization_uncertainty,"This caller may be pretending to be official support, but authenticity is unclear; RC4 development 65 for a customer.",Uncertain,Normal/Ignore,Allow,False
identity_and_authorization_uncertainty,A possible fake account is posing as a company while authorization cannot be verified; RC4 development 66 for a resident.,Uncertain,Normal/Ignore,Allow,False
identity_and_authorization_uncertainty,"A cloned profile is reported, but profile provenance is unknown; RC4 development 67 for a visitor.",Uncertain,Normal/Ignore,Allow,False
identity_and_authorization_uncertainty,Only a screenshot is available for a possible impersonating account and identity remains unverified; RC4 development 68 for a seller.,Uncertain,Normal/Ignore,Allow,False
identity_and_authorization_uncertainty,"This caller may be pretending to be official support, but authenticity is unclear; RC4 development 69 for a customer.",Uncertain,Normal/Ignore,Allow,False
identity_and_authorization_uncertainty,A possible fake account is posing as a company while authorization cannot be verified; RC4 development 70 for a resident.,Uncertain,Normal/Ignore,Allow,False
identity_and_authorization_uncertainty,"A cloned profile is reported, but profile provenance is unknown; RC4 development 71 for a visitor.",Uncertain,Normal/Ignore,Allow,False
identity_and_authorization_uncertainty,Only a screenshot is available for a possible impersonating account and identity remains unverified; RC4 development 72 for a seller.,Uncertain,Normal/Ignore,Allow,False
identity_and_authorization_uncertainty,"This caller may be pretending to be official support, but authenticity is unclear; RC4 development 73 for a customer.",Uncertain,Normal/Ignore,Allow,False
identity_and_authorization_uncertainty,A possible fake account is posing as a company while authorization cannot be verified; RC4 development 74 for a resident.,Uncertain,Normal/Ignore,Allow,False
identity_and_authorization_uncertainty,"A cloned profile is reported, but profile provenance is unknown; RC4 development 75 for a visitor.",Uncertain,Normal/Ignore,Allow,False
identity_and_authorization_uncertainty,Only a screenshot is available for a possible impersonating account and identity remains unverified; RC4 development 76 for a seller.,Uncertain,Normal/Ignore,Allow,False
identity_and_authorization_uncertainty,"This caller may be pretending to be official support, but authenticity is unclear; RC4 development 77 for a customer.",Uncertain,Normal/Ignore,Allow,False
identity_and_authorization_uncertainty,A possible fake account is posing as a company while authorization cannot be verified; RC4 development 78 for a resident.,Uncertain,Normal/Ignore,Allow,False
identity_and_authorization_uncertainty,"A cloned profile is reported, but profile provenance is unknown; RC4 development 79 for a visitor.",Uncertain,Normal/Ignore,Allow,False
identity_and_authorization_uncertainty,Only a screenshot is available for a possible impersonating account and identity remains unverified; RC4 development 80 for a seller.,Uncertain,Normal/Ignore,Allow,False
authorized_parody_reporting_and_training,A platform-verified official account serves a customer; RC4 safe 1.,Normal/Ignore,Normal/Ignore,Allow,False
authorized_parody_reporting_and_training,A clearly labelled parody pretends to be a character and claims no official affiliation; RC4 safe 2 for a resident.,Normal/Ignore,Normal/Ignore,Allow,False
authorized_parody_reporting_and_training,A documentary reports on identity theft and no active account is described; RC4 safe 3 for a visitor.,Normal/Ignore,Normal/Ignore,Allow,False
authorized_parody_reporting_and_training,Security training explains a fake support profile and contains no real credentials; RC4 safe 4 for a seller.,Normal/Ignore,Normal/Ignore,Allow,False
authorized_parody_reporting_and_training,A platform-verified official account serves a customer; RC4 safe 5.,Normal/Ignore,Normal/Ignore,Allow,False
authorized_parody_reporting_and_training,A clearly labelled parody pretends to be a character and claims no official affiliation; RC4 safe 6 for a resident.,Normal/Ignore,Normal/Ignore,Allow,False
authorized_parody_reporting_and_training,A documentary reports on identity theft and no active account is described; RC4 safe 7 for a visitor.,Normal/Ignore,Normal/Ignore,Allow,False
authorized_parody_reporting_and_training,Security training explains a fake support profile and contains no real credentials; RC4 safe 8 for a seller.,Normal/Ignore,Normal/Ignore,Allow,False
authorized_parody_reporting_and_training,A platform-verified official account serves a customer; RC4 safe 9.,Normal/Ignore,Normal/Ignore,Allow,False
authorized_parody_reporting_and_training,A clearly labelled parody pretends to be a character and claims no official affiliation; RC4 safe 10 for a resident.,Normal/Ignore,Normal/Ignore,Allow,False
authorized_parody_reporting_and_training,A documentary reports on identity theft and no active account is described; RC4 safe 11 for a visitor.,Normal/Ignore,Normal/Ignore,Allow,False
authorized_parody_reporting_and_training,Security training explains a fake support profile and contains no real credentials; RC4 safe 12 for a seller.,Normal/Ignore,Normal/Ignore,Allow,False
authorized_parody_reporting_and_training,A platform-verified official account serves a customer; RC4 safe 13.,Normal/Ignore,Normal/Ignore,Allow,False
authorized_parody_reporting_and_training,A clearly labelled parody pretends to be a character and claims no official affiliation; RC4 safe 14 for a resident.,Normal/Ignore,Normal/Ignore,Allow,False
authorized_parody_reporting_and_training,A documentary reports on identity theft and no active account is described; RC4 safe 15 for a visitor.,Normal/Ignore,Normal/Ignore,Allow,False
authorized_parody_reporting_and_training,Security training explains a fake support profile and contains no real credentials; RC4 safe 16 for a seller.,Normal/Ignore,Normal/Ignore,Allow,False
authorized_parody_reporting_and_training,A platform-verified official account serves a customer; RC4 safe 17.,Normal/Ignore,Normal/Ignore,Allow,False
authorized_parody_reporting_and_training,A clearly labelled parody pretends to be a character and claims no official affiliation; RC4 safe 18 for a resident.,Normal/Ignore,Normal/Ignore,Allow,False
authorized_parody_reporting_and_training,A documentary reports on identity theft and no active account is described; RC4 safe 19 for a visitor.,Normal/Ignore,Normal/Ignore,Allow,False
authorized_parody_reporting_and_training,Security training explains a fake support profile and contains no real credentials; RC4 safe 20 for a seller.,Normal/Ignore,Normal/Ignore,Allow,False
authorized_parody_reporting_and_training,A platform-verified official account serves a customer; RC4 safe 21.,Normal/Ignore,Normal/Ignore,Allow,False
authorized_parody_reporting_and_training,A clearly labelled parody pretends to be a character and claims no official affiliation; RC4 safe 22 for a resident.,Normal/Ignore,Normal/Ignore,Allow,False
authorized_parody_reporting_and_training,A documentary reports on identity theft and no active account is described; RC4 safe 23 for a visitor.,Normal/Ignore,Normal/Ignore,Allow,False
authorized_parody_reporting_and_training,Security training explains a fake support profile and contains no real credentials; RC4 safe 24 for a seller.,Normal/Ignore,Normal/Ignore,Allow,False
authorized_parody_reporting_and_training,A platform-verified official account serves a customer; RC4 safe 25.,Normal/Ignore,Normal/Ignore,Allow,False
authorized_parody_reporting_and_training,A clearly labelled parody pretends to be a character and claims no official affiliation; RC4 safe 26 for a resident.,Normal/Ignore,Normal/Ignore,Allow,False
authorized_parody_reporting_and_training,A documentary reports on identity theft and no active account is described; RC4 safe 27 for a visitor.,Normal/Ignore,Normal/Ignore,Allow,False
authorized_parody_reporting_and_training,Security training explains a fake support profile and contains no real credentials; RC4 safe 28 for a seller.,Normal/Ignore,Normal/Ignore,Allow,False
authorized_parody_reporting_and_training,A platform-verified official account serves a customer; RC4 safe 29.,Normal/Ignore,Normal/Ignore,Allow,False
authorized_parody_reporting_and_training,A clearly labelled parody pretends to be a character and claims no official affiliation; RC4 safe 30 for a resident.,Normal/Ignore,Normal/Ignore,Allow,False
authorized_parody_reporting_and_training,A documentary reports on identity theft and no active account is described; RC4 safe 31 for a visitor.,Normal/Ignore,Normal/Ignore,Allow,False
authorized_parody_reporting_and_training,Security training explains a fake support profile and contains no real credentials; RC4 safe 32 for a seller.,Normal/Ignore,Normal/Ignore,Allow,False
authorized_parody_reporting_and_training,A platform-verified official account serves a customer; RC4 safe 33.,Normal/Ignore,Normal/Ignore,Allow,False
authorized_parody_reporting_and_training,A clearly labelled parody pretends to be a character and claims no official affiliation; RC4 safe 34 for a resident.,Normal/Ignore,Normal/Ignore,Allow,False
authorized_parody_reporting_and_training,A documentary reports on identity theft and no active account is described; RC4 safe 35 for a visitor.,Normal/Ignore,Normal/Ignore,Allow,False
authorized_parody_reporting_and_training,Security training explains a fake support profile and contains no real credentials; RC4 safe 36 for a seller.,Normal/Ignore,Normal/Ignore,Allow,False
authorized_parody_reporting_and_training,A platform-verified official account serves a customer; RC4 safe 37.,Normal/Ignore,Normal/Ignore,Allow,False
authorized_parody_reporting_and_training,A clearly labelled parody pretends to be a character and claims no official affiliation; RC4 safe 38 for a resident.,Normal/Ignore,Normal/Ignore,Allow,False
authorized_parody_reporting_and_training,A documentary reports on identity theft and no active account is described; RC4 safe 39 for a visitor.,Normal/Ignore,Normal/Ignore,Allow,False
authorized_parody_reporting_and_training,Security training explains a fake support profile and contains no real credentials; RC4 safe 40 for a seller.,Normal/Ignore,Normal/Ignore,Allow,False
authorized_parody_reporting_and_training,A platform-verified official account serves a customer; RC4 safe 41.,Normal/Ignore,Normal/Ignore,Allow,False
authorized_parody_reporting_and_training,A clearly labelled parody pretends to be a character and claims no official affiliation; RC4 safe 42 for a resident.,Normal/Ignore,Normal/Ignore,Allow,False
authorized_parody_reporting_and_training,A documentary reports on identity theft and no active account is described; RC4 safe 43 for a visitor.,Normal/Ignore,Normal/Ignore,Allow,False
authorized_parody_reporting_and_training,Security training explains a fake support profile and contains no real credentials; RC4 safe 44 for a seller.,Normal/Ignore,Normal/Ignore,Allow,False
authorized_parody_reporting_and_training,A platform-verified official account serves a customer; RC4 safe 45.,Normal/Ignore,Normal/Ignore,Allow,False
authorized_parody_reporting_and_training,A clearly labelled parody pretends to be a character and claims no official affiliation; RC4 safe 46 for a resident.,Normal/Ignore,Normal/Ignore,Allow,False
authorized_parody_reporting_and_training,A documentary reports on identity theft and no active account is described; RC4 safe 47 for a visitor.,Normal/Ignore,Normal/Ignore,Allow,False
authorized_parody_reporting_and_training,Security training explains a fake support profile and contains no real credentials; RC4 safe 48 for a seller.,Normal/Ignore,Normal/Ignore,Allow,False
authorized_parody_reporting_and_training,A platform-verified official account serves a customer; RC4 safe 49.,Normal/Ignore,Normal/Ignore,Allow,False
authorized_parody_reporting_and_training,A clearly labelled parody pretends to be a character and claims no official affiliation; RC4 safe 50 for a resident.,Normal/Ignore,Normal/Ignore,Allow,False
authorized_parody_reporting_and_training,A documentary reports on identity theft and no active account is described; RC4 safe 51 for a visitor.,Normal/Ignore,Normal/Ignore,Allow,False
authorized_parody_reporting_and_training,Security training explains a fake support profile and contains no real credentials; RC4 safe 52 for a seller.,Normal/Ignore,Normal/Ignore,Allow,False
authorized_parody_reporting_and_training,A platform-verified official account serves a customer; RC4 safe 53.,Normal/Ignore,Normal/Ignore,Allow,False
authorized_parody_reporting_and_training,A clearly labelled parody pretends to be a character and claims no official affiliation; RC4 safe 54 for a resident.,Normal/Ignore,Normal/Ignore,Allow,False
authorized_parody_reporting_and_training,A documentary reports on identity theft and no active account is described; RC4 safe 55 for a visitor.,Normal/Ignore,Normal/Ignore,Allow,False
authorized_parody_reporting_and_training,Security training explains a fake support profile and contains no real credentials; RC4 safe 56 for a seller.,Normal/Ignore,Normal/Ignore,Allow,False
authorized_parody_reporting_and_training,A platform-verified official account serves a customer; RC4 safe 57.,Normal/Ignore,Normal/Ignore,Allow,False
authorized_parody_reporting_and_training,A clearly labelled parody pretends to be a character and claims no official affiliation; RC4 safe 58 for a resident.,Normal/Ignore,Normal/Ignore,Allow,False
authorized_parody_reporting_and_training,A documentary reports on identity theft and no active account is described; RC4 safe 59 for a visitor.,Normal/Ignore,Normal/Ignore,Allow,False
authorized_parody_reporting_and_training,Security training explains a fake support profile and contains no real credentials; RC4 safe 60 for a seller.,Normal/Ignore,Normal/Ignore,Allow,False
authorized_parody_reporting_and_training,A platform-verified official account serves a customer; RC4 safe 61.,Normal/Ignore,Normal/Ignore,Allow,False
authorized_parody_reporting_and_training,A clearly labelled parody pretends to be a character and claims no official affiliation; RC4 safe 62 for a resident.,Normal/Ignore,Normal/Ignore,Allow,False
authorized_parody_reporting_and_training,A documentary reports on identity theft and no active account is described; RC4 safe 63 for a visitor.,Normal/Ignore,Normal/Ignore,Allow,False
authorized_parody_reporting_and_training,Security training explains a fake support profile and contains no real credentials; RC4 safe 64 for a seller.,Normal/Ignore,Normal/Ignore,Allow,False
authorized_parody_reporting_and_training,A platform-verified official account serves a customer; RC4 safe 65.,Normal/Ignore,Normal/Ignore,Allow,False
authorized_parody_reporting_and_training,A clearly labelled parody pretends to be a character and claims no official affiliation; RC4 safe 66 for a resident.,Normal/Ignore,Normal/Ignore,Allow,False
authorized_parody_reporting_and_training,A documentary reports on identity theft and no active account is described; RC4 safe 67 for a visitor.,Normal/Ignore,Normal/Ignore,Allow,False
authorized_parody_reporting_and_training,Security training explains a fake support profile and contains no real credentials; RC4 safe 68 for a seller.,Normal/Ignore,Normal/Ignore,Allow,False
authorized_parody_reporting_and_training,A platform-verified official account serves a customer; RC4 safe 69.,Normal/Ignore,Normal/Ignore,Allow,False
authorized_parody_reporting_and_training,A clearly labelled parody pretends to be a character and claims no official affiliation; RC4 safe 70 for a resident.,Normal/Ignore,Normal/Ignore,Allow,False
authorized_parody_reporting_and_training,A documentary reports on identity theft and no active account is described; RC4 safe 71 for a visitor.,Normal/Ignore,Normal/Ignore,Allow,False
authorized_parody_reporting_and_training,Security training explains a fake support profile and contains no real credentials; RC4 safe 72 for a seller.,Normal/Ignore,Normal/Ignore,Allow,False
authorized_parody_reporting_and_training,A platform-verified official account serves a customer; RC4 safe 73.,Normal/Ignore,Normal/Ignore,Allow,False
authorized_parody_reporting_and_training,A clearly labelled parody pretends to be a character and claims no official affiliation; RC4 safe 74 for a resident.,Normal/Ignore,Normal/Ignore,Allow,False
authorized_parody_reporting_and_training,A documentary reports on identity theft and no active account is described; RC4 safe 75 for a visitor.,Normal/Ignore,Normal/Ignore,Allow,False
authorized_parody_reporting_and_training,Security training explains a fake support profile and contains no real credentials; RC4 safe 76 for a seller.,Normal/Ignore,Normal/Ignore,Allow,False
authorized_parody_reporting_and_training,A platform-verified official account serves a customer; RC4 safe 77.,Normal/Ignore,Normal/Ignore,Allow,False
authorized_parody_reporting_and_training,A clearly labelled parody pretends to be a character and claims no official affiliation; RC4 safe 78 for a resident.,Normal/Ignore,Normal/Ignore,Allow,False
authorized_parody_reporting_and_training,A documentary reports on identity theft and no active account is described; RC4 safe 79 for a visitor.,Normal/Ignore,Normal/Ignore,Allow,False
authorized_parody_reporting_and_training,Security training explains a fake support profile and contains no real credentials; RC4 safe 80 for a seller.,Normal/Ignore,Normal/Ignore,Allow,False
weak_identity_and_no_misuse,"The profile has the same name, but no current misuse act is described; RC4 weak 1 for a customer.",Normal/Ignore,Normal/Ignore,Allow,False
weak_identity_and_no_misuse,"A page displays a company logo, but no deceptive contact, access, or transaction is established; RC4 weak 2 for a resident.",Normal/Ignore,Normal/Ignore,Allow,False
weak_identity_and_no_misuse,A self-reported identity says the account resembles them; no active impersonation evidence exists; RC4 weak 3 for a visitor.,Normal/Ignore,Normal/Ignore,Allow,False
weak_identity_and_no_misuse,Routine product documentation explains digital identity settings; RC4 ordinary 4 for a seller.,Normal/Ignore,Normal/Ignore,Allow,False
weak_identity_and_no_misuse,"The profile has the same name, but no current misuse act is described; RC4 weak 5 for a customer.",Normal/Ignore,Normal/Ignore,Allow,False
weak_identity_and_no_misuse,"A page displays a company logo, but no deceptive contact, access, or transaction is established; RC4 weak 6 for a resident.",Normal/Ignore,Normal/Ignore,Allow,False
weak_identity_and_no_misuse,A self-reported identity says the account resembles them; no active impersonation evidence exists; RC4 weak 7 for a visitor.,Normal/Ignore,Normal/Ignore,Allow,False
weak_identity_and_no_misuse,Routine product documentation explains digital identity settings; RC4 ordinary 8 for a seller.,Normal/Ignore,Normal/Ignore,Allow,False
weak_identity_and_no_misuse,"The profile has the same name, but no current misuse act is described; RC4 weak 9 for a customer.",Normal/Ignore,Normal/Ignore,Allow,False
weak_identity_and_no_misuse,"A page displays a company logo, but no deceptive contact, access, or transaction is established; RC4 weak 10 for a resident.",Normal/Ignore,Normal/Ignore,Allow,False
weak_identity_and_no_misuse,A self-reported identity says the account resembles them; no active impersonation evidence exists; RC4 weak 11 for a visitor.,Normal/Ignore,Normal/Ignore,Allow,False
weak_identity_and_no_misuse,Routine product documentation explains digital identity settings; RC4 ordinary 12 for a seller.,Normal/Ignore,Normal/Ignore,Allow,False
weak_identity_and_no_misuse,"The profile has the same name, but no current misuse act is described; RC4 weak 13 for a customer.",Normal/Ignore,Normal/Ignore,Allow,False
weak_identity_and_no_misuse,"A page displays a company logo, but no deceptive contact, access, or transaction is established; RC4 weak 14 for a resident.",Normal/Ignore,Normal/Ignore,Allow,False
weak_identity_and_no_misuse,A self-reported identity says the account resembles them; no active impersonation evidence exists; RC4 weak 15 for a visitor.,Normal/Ignore,Normal/Ignore,Allow,False
weak_identity_and_no_misuse,Routine product documentation explains digital identity settings; RC4 ordinary 16 for a seller.,Normal/Ignore,Normal/Ignore,Allow,False
weak_identity_and_no_misuse,"The profile has the same name, but no current misuse act is described; RC4 weak 17 for a customer.",Normal/Ignore,Normal/Ignore,Allow,False
weak_identity_and_no_misuse,"A page displays a company logo, but no deceptive contact, access, or transaction is established; RC4 weak 18 for a resident.",Normal/Ignore,Normal/Ignore,Allow,False
weak_identity_and_no_misuse,A self-reported identity says the account resembles them; no active impersonation evidence exists; RC4 weak 19 for a visitor.,Normal/Ignore,Normal/Ignore,Allow,False
weak_identity_and_no_misuse,Routine product documentation explains digital identity settings; RC4 ordinary 20 for a seller.,Normal/Ignore,Normal/Ignore,Allow,False
weak_identity_and_no_misuse,"The profile has the same name, but no current misuse act is described; RC4 weak 21 for a customer.",Normal/Ignore,Normal/Ignore,Allow,False
weak_identity_and_no_misuse,"A page displays a company logo, but no deceptive contact, access, or transaction is established; RC4 weak 22 for a resident.",Normal/Ignore,Normal/Ignore,Allow,False
weak_identity_and_no_misuse,A self-reported identity says the account resembles them; no active impersonation evidence exists; RC4 weak 23 for a visitor.,Normal/Ignore,Normal/Ignore,Allow,False
weak_identity_and_no_misuse,Routine product documentation explains digital identity settings; RC4 ordinary 24 for a seller.,Normal/Ignore,Normal/Ignore,Allow,False
weak_identity_and_no_misuse,"The profile has the same name, but no current misuse act is described; RC4 weak 25 for a customer.",Normal/Ignore,Normal/Ignore,Allow,False
weak_identity_and_no_misuse,"A page displays a company logo, but no deceptive contact, access, or transaction is established; RC4 weak 26 for a resident.",Normal/Ignore,Normal/Ignore,Allow,False
weak_identity_and_no_misuse,A self-reported identity says the account resembles them; no active impersonation evidence exists; RC4 weak 27 for a visitor.,Normal/Ignore,Normal/Ignore,Allow,False
weak_identity_and_no_misuse,Routine product documentation explains digital identity settings; RC4 ordinary 28 for a seller.,Normal/Ignore,Normal/Ignore,Allow,False
weak_identity_and_no_misuse,"The profile has the same name, but no current misuse act is described; RC4 weak 29 for a customer.",Normal/Ignore,Normal/Ignore,Allow,False
weak_identity_and_no_misuse,"A page displays a company logo, but no deceptive contact, access, or transaction is established; RC4 weak 30 for a resident.",Normal/Ignore,Normal/Ignore,Allow,False
weak_identity_and_no_misuse,A self-reported identity says the account resembles them; no active impersonation evidence exists; RC4 weak 31 for a visitor.,Normal/Ignore,Normal/Ignore,Allow,False
weak_identity_and_no_misuse,Routine product documentation explains digital identity settings; RC4 ordinary 32 for a seller.,Normal/Ignore,Normal/Ignore,Allow,False
weak_identity_and_no_misuse,"The profile has the same name, but no current misuse act is described; RC4 weak 33 for a customer.",Normal/Ignore,Normal/Ignore,Allow,False
weak_identity_and_no_misuse,"A page displays a company logo, but no deceptive contact, access, or transaction is established; RC4 weak 34 for a resident.",Normal/Ignore,Normal/Ignore,Allow,False
weak_identity_and_no_misuse,A self-reported identity says the account resembles them; no active impersonation evidence exists; RC4 weak 35 for a visitor.,Normal/Ignore,Normal/Ignore,Allow,False
weak_identity_and_no_misuse,Routine product documentation explains digital identity settings; RC4 ordinary 36 for a seller.,Normal/Ignore,Normal/Ignore,Allow,False
weak_identity_and_no_misuse,"The profile has the same name, but no current misuse act is described; RC4 weak 37 for a customer.",Normal/Ignore,Normal/Ignore,Allow,False
weak_identity_and_no_misuse,"A page displays a company logo, but no deceptive contact, access, or transaction is established; RC4 weak 38 for a resident.",Normal/Ignore,Normal/Ignore,Allow,False
weak_identity_and_no_misuse,A self-reported identity says the account resembles them; no active impersonation evidence exists; RC4 weak 39 for a visitor.,Normal/Ignore,Normal/Ignore,Allow,False
weak_identity_and_no_misuse,Routine product documentation explains digital identity settings; RC4 ordinary 40 for a seller.,Normal/Ignore,Normal/Ignore,Allow,False
weak_identity_and_no_misuse,"The profile has the same name, but no current misuse act is described; RC4 weak 41 for a customer.",Normal/Ignore,Normal/Ignore,Allow,False
weak_identity_and_no_misuse,"A page displays a company logo, but no deceptive contact, access, or transaction is established; RC4 weak 42 for a resident.",Normal/Ignore,Normal/Ignore,Allow,False
weak_identity_and_no_misuse,A self-reported identity says the account resembles them; no active impersonation evidence exists; RC4 weak 43 for a visitor.,Normal/Ignore,Normal/Ignore,Allow,False
weak_identity_and_no_misuse,Routine product documentation explains digital identity settings; RC4 ordinary 44 for a seller.,Normal/Ignore,Normal/Ignore,Allow,False
weak_identity_and_no_misuse,"The profile has the same name, but no current misuse act is described; RC4 weak 45 for a customer.",Normal/Ignore,Normal/Ignore,Allow,False
weak_identity_and_no_misuse,"A page displays a company logo, but no deceptive contact, access, or transaction is established; RC4 weak 46 for a resident.",Normal/Ignore,Normal/Ignore,Allow,False
weak_identity_and_no_misuse,A self-reported identity says the account resembles them; no active impersonation evidence exists; RC4 weak 47 for a visitor.,Normal/Ignore,Normal/Ignore,Allow,False
weak_identity_and_no_misuse,Routine product documentation explains digital identity settings; RC4 ordinary 48 for a seller.,Normal/Ignore,Normal/Ignore,Allow,False
weak_identity_and_no_misuse,"The profile has the same name, but no current misuse act is described; RC4 weak 49 for a customer.",Normal/Ignore,Normal/Ignore,Allow,False
weak_identity_and_no_misuse,"A page displays a company logo, but no deceptive contact, access, or transaction is established; RC4 weak 50 for a resident.",Normal/Ignore,Normal/Ignore,Allow,False
weak_identity_and_no_misuse,A self-reported identity says the account resembles them; no active impersonation evidence exists; RC4 weak 51 for a visitor.,Normal/Ignore,Normal/Ignore,Allow,False
weak_identity_and_no_misuse,Routine product documentation explains digital identity settings; RC4 ordinary 52 for a seller.,Normal/Ignore,Normal/Ignore,Allow,False
weak_identity_and_no_misuse,"The profile has the same name, but no current misuse act is described; RC4 weak 53 for a customer.",Normal/Ignore,Normal/Ignore,Allow,False
weak_identity_and_no_misuse,"A page displays a company logo, but no deceptive contact, access, or transaction is established; RC4 weak 54 for a resident.",Normal/Ignore,Normal/Ignore,Allow,False
weak_identity_and_no_misuse,A self-reported identity says the account resembles them; no active impersonation evidence exists; RC4 weak 55 for a visitor.,Normal/Ignore,Normal/Ignore,Allow,False
weak_identity_and_no_misuse,Routine product documentation explains digital identity settings; RC4 ordinary 56 for a seller.,Normal/Ignore,Normal/Ignore,Allow,False
weak_identity_and_no_misuse,"The profile has the same name, but no current misuse act is described; RC4 weak 57 for a customer.",Normal/Ignore,Normal/Ignore,Allow,False
weak_identity_and_no_misuse,"A page displays a company logo, but no deceptive contact, access, or transaction is established; RC4 weak 58 for a resident.",Normal/Ignore,Normal/Ignore,Allow,False
weak_identity_and_no_misuse,A self-reported identity says the account resembles them; no active impersonation evidence exists; RC4 weak 59 for a visitor.,Normal/Ignore,Normal/Ignore,Allow,False
weak_identity_and_no_misuse,Routine product documentation explains digital identity settings; RC4 ordinary 60 for a seller.,Normal/Ignore,Normal/Ignore,Allow,False
weak_identity_and_no_misuse,"The profile has the same name, but no current misuse act is described; RC4 weak 61 for a customer.",Normal/Ignore,Normal/Ignore,Allow,False
weak_identity_and_no_misuse,"A page displays a company logo, but no deceptive contact, access, or transaction is established; RC4 weak 62 for a resident.",Normal/Ignore,Normal/Ignore,Allow,False
weak_identity_and_no_misuse,A self-reported identity says the account resembles them; no active impersonation evidence exists; RC4 weak 63 for a visitor.,Normal/Ignore,Normal/Ignore,Allow,False
weak_identity_and_no_misuse,Routine product documentation explains digital identity settings; RC4 ordinary 64 for a seller.,Normal/Ignore,Normal/Ignore,Allow,False
weak_identity_and_no_misuse,"The profile has the same name, but no current misuse act is described; RC4 weak 65 for a customer.",Normal/Ignore,Normal/Ignore,Allow,False
weak_identity_and_no_misuse,"A page displays a company logo, but no deceptive contact, access, or transaction is established; RC4 weak 66 for a resident.",Normal/Ignore,Normal/Ignore,Allow,False
weak_identity_and_no_misuse,A self-reported identity says the account resembles them; no active impersonation evidence exists; RC4 weak 67 for a visitor.,Normal/Ignore,Normal/Ignore,Allow,False
weak_identity_and_no_misuse,Routine product documentation explains digital identity settings; RC4 ordinary 68 for a seller.,Normal/Ignore,Normal/Ignore,Allow,False
weak_identity_and_no_misuse,"The profile has the same name, but no current misuse act is described; RC4 weak 69 for a customer.",Normal/Ignore,Normal/Ignore,Allow,False
weak_identity_and_no_misuse,"A page displays a company logo, but no deceptive contact, access, or transaction is established; RC4 weak 70 for a resident.",Normal/Ignore,Normal/Ignore,Allow,False
weak_identity_and_no_misuse,A self-reported identity says the account resembles them; no active impersonation evidence exists; RC4 weak 71 for a visitor.,Normal/Ignore,Normal/Ignore,Allow,False
weak_identity_and_no_misuse,Routine product documentation explains digital identity settings; RC4 ordinary 72 for a seller.,Normal/Ignore,Normal/Ignore,Allow,False
weak_identity_and_no_misuse,"The profile has the same name, but no current misuse act is described; RC4 weak 73 for a customer.",Normal/Ignore,Normal/Ignore,Allow,False
weak_identity_and_no_misuse,"A page displays a company logo, but no deceptive contact, access, or transaction is established; RC4 weak 74 for a resident.",Normal/Ignore,Normal/Ignore,Allow,False
weak_identity_and_no_misuse,A self-reported identity says the account resembles them; no active impersonation evidence exists; RC4 weak 75 for a visitor.,Normal/Ignore,Normal/Ignore,Allow,False
weak_identity_and_no_misuse,Routine product documentation explains digital identity settings; RC4 ordinary 76 for a seller.,Normal/Ignore,Normal/Ignore,Allow,False
weak_identity_and_no_misuse,"The profile has the same name, but no current misuse act is described; RC4 weak 77 for a customer.",Normal/Ignore,Normal/Ignore,Allow,False
weak_identity_and_no_misuse,"A page displays a company logo, but no deceptive contact, access, or transaction is established; RC4 weak 78 for a resident.",Normal/Ignore,Normal/Ignore,Allow,False
weak_identity_and_no_misuse,A self-reported identity says the account resembles them; no active impersonation evidence exists; RC4 weak 79 for a visitor.,Normal/Ignore,Normal/Ignore,Allow,False
weak_identity_and_no_misuse,Routine product documentation explains digital identity settings; RC4 ordinary 80 for a seller.,Normal/Ignore,Normal/Ignore,Allow,False
established_owner_isolation,"This caller is posing as official support and requests credentials, while an existing Child Exploitation owner controls the case; RC4 development owner 1.",Child Exploitation,Child Exploitation,Block and immediately escalate,True
established_owner_isolation,"This caller is posing as official support and requests credentials, while an existing Publishing Private Information owner controls the case; RC4 development owner 2.",Publishing Private Information,Publishing Private Information,Refer to human review,True
established_owner_isolation,"This caller is posing as official support and requests credentials, while an existing Spam, Scam & Phishing owner controls the case; RC4 development owner 3.","Spam, Scam & Phishing","Spam, Scam & Phishing","Block, warn, or limit distribution",True
established_owner_isolation,"This caller is posing as official support and requests credentials, while an existing Illegal Activities owner controls the case; RC4 development owner 4.",Illegal Activities,Illegal Activities,Block or restrict and escalate,True
established_owner_isolation,"This caller is posing as official support and requests credentials, while an existing Malicious Programs owner controls the case; RC4 development owner 5.",Malicious Programs,Malicious Programs,Block and send for security review,True
established_owner_isolation,"This caller is posing as official support and requests credentials, while an existing Child Exploitation owner controls the case; RC4 development owner 6.",Child Exploitation,Child Exploitation,Block and immediately escalate,True
established_owner_isolation,"This caller is posing as official support and requests credentials, while an existing Publishing Private Information owner controls the case; RC4 development owner 7.",Publishing Private Information,Publishing Private Information,Refer to human review,True
established_owner_isolation,"This caller is posing as official support and requests credentials, while an existing Spam, Scam & Phishing owner controls the case; RC4 development owner 8.","Spam, Scam & Phishing","Spam, Scam & Phishing","Block, warn, or limit distribution",True
established_owner_isolation,"This caller is posing as official support and requests credentials, while an existing Illegal Activities owner controls the case; RC4 development owner 9.",Illegal Activities,Illegal Activities,Block or restrict and escalate,True
established_owner_isolation,"This caller is posing as official support and requests credentials, while an existing Malicious Programs owner controls the case; RC4 development owner 10.",Malicious Programs,Malicious Programs,Block and send for security review,True
established_owner_isolation,"This caller is posing as official support and requests credentials, while an existing Child Exploitation owner controls the case; RC4 development owner 11.",Child Exploitation,Child Exploitation,Block and immediately escalate,True
established_owner_isolation,"This caller is posing as official support and requests credentials, while an existing Publishing Private Information owner controls the case; RC4 development owner 12.",Publishing Private Information,Publishing Private Information,Refer to human review,True
established_owner_isolation,"This caller is posing as official support and requests credentials, while an existing Spam, Scam & Phishing owner controls the case; RC4 development owner 13.","Spam, Scam & Phishing","Spam, Scam & Phishing","Block, warn, or limit distribution",True
established_owner_isolation,"This caller is posing as official support and requests credentials, while an existing Illegal Activities owner controls the case; RC4 development owner 14.",Illegal Activities,Illegal Activities,Block or restrict and escalate,True
established_owner_isolation,"This caller is posing as official support and requests credentials, while an existing Malicious Programs owner controls the case; RC4 development owner 15.",Malicious Programs,Malicious Programs,Block and send for security review,True
established_owner_isolation,"This caller is posing as official support and requests credentials, while an existing Child Exploitation owner controls the case; RC4 development owner 16.",Child Exploitation,Child Exploitation,Block and immediately escalate,True
established_owner_isolation,"This caller is posing as official support and requests credentials, while an existing Publishing Private Information owner controls the case; RC4 development owner 17.",Publishing Private Information,Publishing Private Information,Refer to human review,True
established_owner_isolation,"This caller is posing as official support and requests credentials, while an existing Spam, Scam & Phishing owner controls the case; RC4 development owner 18.","Spam, Scam & Phishing","Spam, Scam & Phishing","Block, warn, or limit distribution",True
established_owner_isolation,"This caller is posing as official support and requests credentials, while an existing Illegal Activities owner controls the case; RC4 development owner 19.",Illegal Activities,Illegal Activities,Block or restrict and escalate,True
established_owner_isolation,"This caller is posing as official support and requests credentials, while an existing Malicious Programs owner controls the case; RC4 development owner 20.",Malicious Programs,Malicious Programs,Block and send for security review,True
established_owner_isolation,"This caller is posing as official support and requests credentials, while an existing Child Exploitation owner controls the case; RC4 development owner 21.",Child Exploitation,Child Exploitation,Block and immediately escalate,True
established_owner_isolation,"This caller is posing as official support and requests credentials, while an existing Publishing Private Information owner controls the case; RC4 development owner 22.",Publishing Private Information,Publishing Private Information,Refer to human review,True
established_owner_isolation,"This caller is posing as official support and requests credentials, while an existing Spam, Scam & Phishing owner controls the case; RC4 development owner 23.","Spam, Scam & Phishing","Spam, Scam & Phishing","Block, warn, or limit distribution",True
established_owner_isolation,"This caller is posing as official support and requests credentials, while an existing Illegal Activities owner controls the case; RC4 development owner 24.",Illegal Activities,Illegal Activities,Block or restrict and escalate,True
established_owner_isolation,"This caller is posing as official support and requests credentials, while an existing Malicious Programs owner controls the case; RC4 development owner 25.",Malicious Programs,Malicious Programs,Block and send for security review,True
established_owner_isolation,"This caller is posing as official support and requests credentials, while an existing Child Exploitation owner controls the case; RC4 development owner 26.",Child Exploitation,Child Exploitation,Block and immediately escalate,True
established_owner_isolation,"This caller is posing as official support and requests credentials, while an existing Publishing Private Information owner controls the case; RC4 development owner 27.",Publishing Private Information,Publishing Private Information,Refer to human review,True
established_owner_isolation,"This caller is posing as official support and requests credentials, while an existing Spam, Scam & Phishing owner controls the case; RC4 development owner 28.","Spam, Scam & Phishing","Spam, Scam & Phishing","Block, warn, or limit distribution",True
established_owner_isolation,"This caller is posing as official support and requests credentials, while an existing Illegal Activities owner controls the case; RC4 development owner 29.",Illegal Activities,Illegal Activities,Block or restrict and escalate,True
established_owner_isolation,"This caller is posing as official support and requests credentials, while an existing Malicious Programs owner controls the case; RC4 development owner 30.",Malicious Programs,Malicious Programs,Block and send for security review,True
established_owner_isolation,"This caller is posing as official support and requests credentials, while an existing Child Exploitation owner controls the case; RC4 development owner 31.",Child Exploitation,Child Exploitation,Block and immediately escalate,True
established_owner_isolation,"This caller is posing as official support and requests credentials, while an existing Publishing Private Information owner controls the case; RC4 development owner 32.",Publishing Private Information,Publishing Private Information,Refer to human review,True
established_owner_isolation,"This caller is posing as official support and requests credentials, while an existing Spam, Scam & Phishing owner controls the case; RC4 development owner 33.","Spam, Scam & Phishing","Spam, Scam & Phishing","Block, warn, or limit distribution",True
established_owner_isolation,"This caller is posing as official support and requests credentials, while an existing Illegal Activities owner controls the case; RC4 development owner 34.",Illegal Activities,Illegal Activities,Block or restrict and escalate,True
established_owner_isolation,"This caller is posing as official support and requests credentials, while an existing Malicious Programs owner controls the case; RC4 development owner 35.",Malicious Programs,Malicious Programs,Block and send for security review,True
established_owner_isolation,"This caller is posing as official support and requests credentials, while an existing Child Exploitation owner controls the case; RC4 development owner 36.",Child Exploitation,Child Exploitation,Block and immediately escalate,True
established_owner_isolation,"This caller is posing as official support and requests credentials, while an existing Publishing Private Information owner controls the case; RC4 development owner 37.",Publishing Private Information,Publishing Private Information,Refer to human review,True
established_owner_isolation,"This caller is posing as official support and requests credentials, while an existing Spam, Scam & Phishing owner controls the case; RC4 development owner 38.","Spam, Scam & Phishing","Spam, Scam & Phishing","Block, warn, or limit distribution",True
established_owner_isolation,"This caller is posing as official support and requests credentials, while an existing Illegal Activities owner controls the case; RC4 development owner 39.",Illegal Activities,Illegal Activities,Block or restrict and escalate,True
established_owner_isolation,"This caller is posing as official support and requests credentials, while an existing Malicious Programs owner controls the case; RC4 development owner 40.",Malicious Programs,Malicious Programs,Block and send for security review,True
established_owner_isolation,"This caller is posing as official support and requests credentials, while an existing Child Exploitation owner controls the case; RC4 development owner 41.",Child Exploitation,Child Exploitation,Block and immediately escalate,True
established_owner_isolation,"This caller is posing as official support and requests credentials, while an existing Publishing Private Information owner controls the case; RC4 development owner 42.",Publishing Private Information,Publishing Private Information,Refer to human review,True
established_owner_isolation,"This caller is posing as official support and requests credentials, while an existing Spam, Scam & Phishing owner controls the case; RC4 development owner 43.","Spam, Scam & Phishing","Spam, Scam & Phishing","Block, warn, or limit distribution",True
established_owner_isolation,"This caller is posing as official support and requests credentials, while an existing Illegal Activities owner controls the case; RC4 development owner 44.",Illegal Activities,Illegal Activities,Block or restrict and escalate,True
established_owner_isolation,"This caller is posing as official support and requests credentials, while an existing Malicious Programs owner controls the case; RC4 development owner 45.",Malicious Programs,Malicious Programs,Block and send for security review,True
established_owner_isolation,"This caller is posing as official support and requests credentials, while an existing Child Exploitation owner controls the case; RC4 development owner 46.",Child Exploitation,Child Exploitation,Block and immediately escalate,True
established_owner_isolation,"This caller is posing as official support and requests credentials, while an existing Publishing Private Information owner controls the case; RC4 development owner 47.",Publishing Private Information,Publishing Private Information,Refer to human review,True
established_owner_isolation,"This caller is posing as official support and requests credentials, while an existing Spam, Scam & Phishing owner controls the case; RC4 development owner 48.","Spam, Scam & Phishing","Spam, Scam & Phishing","Block, warn, or limit distribution",True
established_owner_isolation,"This caller is posing as official support and requests credentials, while an existing Illegal Activities owner controls the case; RC4 development owner 49.",Illegal Activities,Illegal Activities,Block or restrict and escalate,True
established_owner_isolation,"This caller is posing as official support and requests credentials, while an existing Malicious Programs owner controls the case; RC4 development owner 50.",Malicious Programs,Malicious Programs,Block and send for security review,True
established_owner_isolation,"This caller is posing as official support and requests credentials, while an existing Child Exploitation owner controls the case; RC4 development owner 51.",Child Exploitation,Child Exploitation,Block and immediately escalate,True
established_owner_isolation,"This caller is posing as official support and requests credentials, while an existing Publishing Private Information owner controls the case; RC4 development owner 52.",Publishing Private Information,Publishing Private Information,Refer to human review,True
established_owner_isolation,"This caller is posing as official support and requests credentials, while an existing Spam, Scam & Phishing owner controls the case; RC4 development owner 53.","Spam, Scam & Phishing","Spam, Scam & Phishing","Block, warn, or limit distribution",True
established_owner_isolation,"This caller is posing as official support and requests credentials, while an existing Illegal Activities owner controls the case; RC4 development owner 54.",Illegal Activities,Illegal Activities,Block or restrict and escalate,True
established_owner_isolation,"This caller is posing as official support and requests credentials, while an existing Malicious Programs owner controls the case; RC4 development owner 55.",Malicious Programs,Malicious Programs,Block and send for security review,True
established_owner_isolation,"This caller is posing as official support and requests credentials, while an existing Child Exploitation owner controls the case; RC4 development owner 56.",Child Exploitation,Child Exploitation,Block and immediately escalate,True
established_owner_isolation,"This caller is posing as official support and requests credentials, while an existing Publishing Private Information owner controls the case; RC4 development owner 57.",Publishing Private Information,Publishing Private Information,Refer to human review,True
established_owner_isolation,"This caller is posing as official support and requests credentials, while an existing Spam, Scam & Phishing owner controls the case; RC4 development owner 58.","Spam, Scam & Phishing","Spam, Scam & Phishing","Block, warn, or limit distribution",True
established_owner_isolation,"This caller is posing as official support and requests credentials, while an existing Illegal Activities owner controls the case; RC4 development owner 59.",Illegal Activities,Illegal Activities,Block or restrict and escalate,True
established_owner_isolation,"This caller is posing as official support and requests credentials, while an existing Malicious Programs owner controls the case; RC4 development owner 60.",Malicious Programs,Malicious Programs,Block and send for security review,True
established_owner_isolation,"This caller is posing as official support and requests credentials, while an existing Child Exploitation owner controls the case; RC4 development owner 61.",Child Exploitation,Child Exploitation,Block and immediately escalate,True
established_owner_isolation,"This caller is posing as official support and requests credentials, while an existing Publishing Private Information owner controls the case; RC4 development owner 62.",Publishing Private Information,Publishing Private Information,Refer to human review,True
established_owner_isolation,"This caller is posing as official support and requests credentials, while an existing Spam, Scam & Phishing owner controls the case; RC4 development owner 63.","Spam, Scam & Phishing","Spam, Scam & Phishing","Block, warn, or limit distribution",True
established_owner_isolation,"This caller is posing as official support and requests credentials, while an existing Illegal Activities owner controls the case; RC4 development owner 64.",Illegal Activities,Illegal Activities,Block or restrict and escalate,True
established_owner_isolation,"This caller is posing as official support and requests credentials, while an existing Malicious Programs owner controls the case; RC4 development owner 65.",Malicious Programs,Malicious Programs,Block and send for security review,True
established_owner_isolation,"This caller is posing as official support and requests credentials, while an existing Child Exploitation owner controls the case; RC4 development owner 66.",Child Exploitation,Child Exploitation,Block and immediately escalate,True
established_owner_isolation,"This caller is posing as official support and requests credentials, while an existing Publishing Private Information owner controls the case; RC4 development owner 67.",Publishing Private Information,Publishing Private Information,Refer to human review,True
established_owner_isolation,"This caller is posing as official support and requests credentials, while an existing Spam, Scam & Phishing owner controls the case; RC4 development owner 68.","Spam, Scam & Phishing","Spam, Scam & Phishing","Block, warn, or limit distribution",True
established_owner_isolation,"This caller is posing as official support and requests credentials, while an existing Illegal Activities owner controls the case; RC4 development owner 69.",Illegal Activities,Illegal Activities,Block or restrict and escalate,True
established_owner_isolation,"This caller is posing as official support and requests credentials, while an existing Malicious Programs owner controls the case; RC4 development owner 70.",Malicious Programs,Malicious Programs,Block and send for security review,True
established_owner_isolation,"This caller is posing as official support and requests credentials, while an existing Child Exploitation owner controls the case; RC4 development owner 71.",Child Exploitation,Child Exploitation,Block and immediately escalate,True
established_owner_isolation,"This caller is posing as official support and requests credentials, while an existing Publishing Private Information owner controls the case; RC4 development owner 72.",Publishing Private Information,Publishing Private Information,Refer to human review,True
established_owner_isolation,"This caller is posing as official support and requests credentials, while an existing Spam, Scam & Phishing owner controls the case; RC4 development owner 73.","Spam, Scam & Phishing","Spam, Scam & Phishing","Block, warn, or limit distribution",True
established_owner_isolation,"This caller is posing as official support and requests credentials, while an existing Illegal Activities owner controls the case; RC4 development owner 74.",Illegal Activities,Illegal Activities,Block or restrict and escalate,True
established_owner_isolation,"This caller is posing as official support and requests credentials, while an existing Malicious Programs owner controls the case; RC4 development owner 75.",Malicious Programs,Malicious Programs,Block and send for security review,True
established_owner_isolation,"This caller is posing as official support and requests credentials, while an existing Child Exploitation owner controls the case; RC4 development owner 76.",Child Exploitation,Child Exploitation,Block and immediately escalate,True
established_owner_isolation,"This caller is posing as official support and requests credentials, while an existing Publishing Private Information owner controls the case; RC4 development owner 77.",Publishing Private Information,Publishing Private Information,Refer to human review,True
established_owner_isolation,"This caller is posing as official support and requests credentials, while an existing Spam, Scam & Phishing owner controls the case; RC4 development owner 78.","Spam, Scam & Phishing","Spam, Scam & Phishing","Block, warn, or limit distribution",True
established_owner_isolation,"This caller is posing as official support and requests credentials, while an existing Illegal Activities owner controls the case; RC4 development owner 79.",Illegal Activities,Illegal Activities,Block or restrict and escalate,True
established_owner_isolation,"This caller is posing as official support and requests credentials, while an existing Malicious Programs owner controls the case; RC4 development owner 80.",Malicious Programs,Malicious Programs,Block and send for security review,True
