id,content_type,text,source_type,source_context,category,severity,action,human_review_required,grey_case,reason
TEX-0001,text,An adult asks a minor to keep their private conversation secret. Synthetic variation 1.,user,private_message,Child Abuse,Critical,Block and escalate,True,False,The content contains indicators of unsafe contact involving a minor.
TEX-0002,text,The same promotional message is posted repeatedly. Synthetic variation 1.,user,advertisement,Spam,Low,Limit distribution,False,False,"The content appears repetitive, unsolicited, promotional, or unrelated."
TEX-0003,text,The message asks for an OTP to restore a blocked bank account. Synthetic variation 1.,user,banking,Scam,High,Block and warn,False,False,"The content contains possible financial fraud, impersonation, or credential theft."
TEX-0004,text,A user repeatedly posts humiliating comments about another person. Synthetic variation 1.,user,social_media,Harassment/Cyberbullying,Medium,Restrict and warn,False,False,"The decision depends on targeting, repetition, threat level, and conversational context."
TEX-0005,text,A post attacks people because of a protected characteristic. Synthetic variation 1.,user,comment_section,Hate Speech,High,Block,False,False,The content appears to attack people based on a protected characteristic.
TEX-0006,text,An unverified post presents a fabricated public event as fact. Synthetic variation 1.,user,social_media,Fake News,Medium,Label and reduce distribution,True,True,The factual claim requires source verification before a final decision.
TEX-0007,text,A person makes a specific threat to physically harm someone. Synthetic variation 1.,user,real_threat,Violence,Critical,Block and escalate,True,False,The content may contain a credible real-world threat.
TEX-0008,text,The content appears to contain explicit adult imagery. Synthetic variation 1.,user,explicit,Nudity,High,Block or age-restrict,True,False,The content may contain explicit adult nudity and requires age and consent checks.
TEX-0009,text,A user shares a photograph of a meal with friends. Synthetic variation 1.,user,personal,Normal/Ignore,None,Allow,False,False,No meaningful Trust and Safety policy violation was detected.
TEX-0010,text,An account asks a child to send personal images. Synthetic variation 2.,user,social_media,Child Abuse,Critical,Block and escalate,True,False,The content contains indicators of unsafe contact involving a minor.
TEX-0011,text,An account sends unsolicited advertisements to many users. Synthetic variation 2.,user,comment_section,Spam,Low,Limit distribution,False,False,"The content appears repetitive, unsolicited, promotional, or unrelated."
TEX-0012,text,The sender promises a large guaranteed investment return. Synthetic variation 2.,user,shopping,Scam,Medium,Warn and review,True,True,"The content contains possible financial fraud, impersonation, or credential theft."
TEX-0013,text,Several accounts coordinate unwanted insulting messages. Synthetic variation 2.,gaming,gaming,Harassment/Cyberbullying,Medium,Review context,True,True,"The decision depends on targeting, repetition, threat level, and conversational context."
TEX-0014,text,A user calls for a protected group to be excluded from public life. Synthetic variation 2.,user,forum,Hate Speech,High,Block,False,False,The content appears to attack people based on a protected characteristic.
TEX-0015,text,A manipulated headline makes a claim unsupported by its article. Synthetic variation 2.,user,blog,Fake News,Medium,Label and reduce distribution,True,True,The factual claim requires source verification before a final decision.
TEX-0016,text,A news report shows non-graphic footage of a damaged building. Synthetic variation 2.,news,news,Violence,Medium,Allow with sensitive-content warning,False,False,The content depicts or discusses violence in non-graphic news reporting.
TEX-0017,text,A museum image shows a classical nude marble sculpture. Synthetic variation 2.,art,art,Nudity,Low,Allow,False,False,"The material has legitimate artistic, medical, or educational context."
TEX-0018,text,A teacher posts a normal classroom announcement. Synthetic variation 2.,education,education,Normal/Ignore,None,Allow,False,False,No meaningful Trust and Safety policy violation was detected.
TEX-0019,text,A user repeatedly attempts to move a conversation with a minor to a private app. Synthetic variation 3.,user,child_safety_report,Child Abuse,High,Allow report and escalate for review,True,False,The content reports a child-safety concern without containing prohibited media.
TEX-0020,text,A comment contains repeated links unrelated to the discussion. Synthetic variation 3.,user,direct_message,Spam,Low,Limit distribution,False,False,"The content appears repetitive, unsolicited, promotional, or unrelated."
TEX-0021,text,A fake prize notice asks the recipient to pay a processing fee. Synthetic variation 3.,user,investment,Scam,High,Block and warn,False,False,"The content contains possible financial fraud, impersonation, or credential theft."
TEX-0022,text,A person threatens to publish private messages to embarrass someone. Synthetic variation 3.,user,school,Harassment/Cyberbullying,Medium,Restrict and warn,False,False,"The decision depends on targeting, repetition, threat level, and conversational context."
TEX-0023,text,A news report quotes hateful rhetoric while criticizing it. Synthetic variation 3.,news,news_report,Hate Speech,Low,Allow,False,False,Hateful material is discussed in reporting or educational context without endorsement.
TEX-0024,text,A satire article uses an intentionally fictional headline. Synthetic variation 3.,user,satire,Fake News,Low,Allow with context label,False,False,"The context indicates satire, correction, or verified reporting."
TEX-0025,text,A history lesson discusses a past armed conflict. Synthetic variation 3.,education,education,Violence,Low,Allow,False,False,"The violent language or imagery is educational, historical, fictional, or game-related."
TEX-0026,text,A medical lesson contains an anatomical illustration. Synthetic variation 3.,education,medical,Nudity,Low,Allow,False,False,"The material has legitimate artistic, medical, or educational context."
TEX-0027,text,A customer asks a business about its opening hours. Synthetic variation 3.,user,business,Normal/Ignore,None,Allow,False,False,No meaningful Trust and Safety policy violation was detected.
TEX-0028,text,A child-safety report describes suspicious contact without graphic details. Synthetic variation 4.,user,private_message,Child Abuse,Critical,Block and escalate,True,False,The content contains indicators of unsafe contact involving a minor.
TEX-0029,text,A business announcement may be legitimate but was sent without consent. Synthetic variation 4.,user,advertisement,Spam,Low,Limit distribution,False,False,"The content appears repetitive, unsolicited, promotional, or unrelated."
TEX-0030,text,An unfamiliar recruiter requests payment before an interview. Synthetic variation 4.,user,job_offer,Scam,High,Block and warn,False,False,"The content contains possible financial fraud, impersonation, or credential theft."
TEX-0031,text,Two friends exchange language that may be joking or insulting. Synthetic variation 4.,user,workplace,Harassment/Cyberbullying,Medium,Restrict and warn,False,False,"The decision depends on targeting, repetition, threat level, and conversational context."
TEX-0032,text,An educational document examines the history of discriminatory propaganda. Synthetic variation 4.,education,education,Hate Speech,Low,Allow,False,False,Hateful material is discussed in reporting or educational context without endorsement.
TEX-0033,text,A verified report corrects a previously circulated false claim. Synthetic variation 4.,news,verified_news,Fake News,Low,Allow with context label,False,False,"The context indicates satire, correction, or verified reporting."
TEX-0034,text,Players discuss defeating opponents inside a fictional game. Synthetic variation 4.,gaming,gaming,Violence,Low,Allow,True,True,"The violent language or imagery is educational, historical, fictional, or game-related."
TEX-0035,text,A news report contains a blurred non-explicit image. Synthetic variation 4.,news,news,Nudity,Medium,Blur and show warning,False,False,The material appears in news context and may require sensitive-content treatment.
TEX-0036,text,A video shows a person demonstrating a harmless hobby. Synthetic variation 4.,user,entertainment,Normal/Ignore,None,Allow,False,False,No meaningful Trust and Safety policy violation was detected.
TEX-0037,text,An adult asks a minor to keep their private conversation secret. Synthetic variation 5.,user,social_media,Child Abuse,Critical,Block and escalate,True,False,The content contains indicators of unsafe contact involving a minor.
TEX-0038,text,The same promotional message is posted repeatedly. Synthetic variation 5.,user,comment_section,Spam,Low,Limit distribution,False,False,"The content appears repetitive, unsolicited, promotional, or unrelated."
TEX-0039,text,The message asks for an OTP to restore a blocked bank account. Synthetic variation 5.,user,banking,Scam,High,Block and warn,False,False,"The content contains possible financial fraud, impersonation, or credential theft."
TEX-0040,text,A user repeatedly posts humiliating comments about another person. Synthetic variation 5.,user,social_media,Harassment/Cyberbullying,Medium,Restrict and warn,False,False,"The decision depends on targeting, repetition, threat level, and conversational context."
TEX-0041,text,A post attacks people because of a protected characteristic. Synthetic variation 5.,user,comment_section,Hate Speech,High,Block,False,False,The content appears to attack people based on a protected characteristic.
TEX-0042,text,An unverified post presents a fabricated public event as fact. Synthetic variation 5.,user,social_media,Fake News,Medium,Label and reduce distribution,True,True,The factual claim requires source verification before a final decision.
TEX-0043,text,A person makes a specific threat to physically harm someone. Synthetic variation 5.,user,real_threat,Violence,Critical,Block and escalate,True,False,The content may contain a credible real-world threat.
TEX-0044,text,The content appears to contain explicit adult imagery. Synthetic variation 5.,user,explicit,Nudity,High,Block or age-restrict,True,False,The content may contain explicit adult nudity and requires age and consent checks.
TEX-0045,text,A user shares a photograph of a meal with friends. Synthetic variation 5.,user,personal,Normal/Ignore,None,Allow,False,False,No meaningful Trust and Safety policy violation was detected.
TEX-0046,text,An account asks a child to send personal images. Synthetic variation 6.,user,child_safety_report,Child Abuse,High,Allow report and escalate for review,True,False,The content reports a child-safety concern without containing prohibited media.
TEX-0047,text,An account sends unsolicited advertisements to many users. Synthetic variation 6.,user,direct_message,Spam,Low,Limit distribution,False,False,"The content appears repetitive, unsolicited, promotional, or unrelated."
TEX-0048,text,The sender promises a large guaranteed investment return. Synthetic variation 6.,user,shopping,Scam,High,Block and warn,False,False,"The content contains possible financial fraud, impersonation, or credential theft."
TEX-0049,text,Several accounts coordinate unwanted insulting messages. Synthetic variation 6.,gaming,gaming,Harassment/Cyberbullying,Medium,Review context,True,True,"The decision depends on targeting, repetition, threat level, and conversational context."
TEX-0050,text,A user calls for a protected group to be excluded from public life. Synthetic variation 6.,user,forum,Hate Speech,High,Block,False,False,The content appears to attack people based on a protected characteristic.
TEX-0051,text,A manipulated headline makes a claim unsupported by its article. Synthetic variation 6.,user,blog,Fake News,Medium,Label and reduce distribution,True,True,The factual claim requires source verification before a final decision.
TEX-0052,text,A news report shows non-graphic footage of a damaged building. Synthetic variation 6.,news,news,Violence,Medium,Allow with sensitive-content warning,False,False,The content depicts or discusses violence in non-graphic news reporting.
TEX-0053,text,A museum image shows a classical nude marble sculpture. Synthetic variation 6.,art,art,Nudity,Low,Allow,False,False,"The material has legitimate artistic, medical, or educational context."
TEX-0054,text,A teacher posts a normal classroom announcement. Synthetic variation 6.,education,education,Normal/Ignore,None,Allow,False,False,No meaningful Trust and Safety policy violation was detected.
TEX-0055,text,A user repeatedly attempts to move a conversation with a minor to a private app. Synthetic variation 7.,user,private_message,Child Abuse,Critical,Block and escalate,True,False,The content contains indicators of unsafe contact involving a minor.
TEX-0056,text,A comment contains repeated links unrelated to the discussion. Synthetic variation 7.,user,advertisement,Spam,Low,Allow pending review,True,True,"The content appears repetitive, unsolicited, promotional, or unrelated."
TEX-0057,text,A fake prize notice asks the recipient to pay a processing fee. Synthetic variation 7.,user,investment,Scam,High,Block and warn,False,False,"The content contains possible financial fraud, impersonation, or credential theft."
TEX-0058,text,A person threatens to publish private messages to embarrass someone. Synthetic variation 7.,user,school,Harassment/Cyberbullying,Medium,Restrict and warn,False,False,"The decision depends on targeting, repetition, threat level, and conversational context."
TEX-0059,text,A news report quotes hateful rhetoric while criticizing it. Synthetic variation 7.,news,news_report,Hate Speech,Low,Allow,False,False,Hateful material is discussed in reporting or educational context without endorsement.
TEX-0060,text,A satire article uses an intentionally fictional headline. Synthetic variation 7.,user,satire,Fake News,Low,Allow with context label,False,False,"The context indicates satire, correction, or verified reporting."
TEX-0061,text,A history lesson discusses a past armed conflict. Synthetic variation 7.,education,education,Violence,Low,Allow,False,False,"The violent language or imagery is educational, historical, fictional, or game-related."
TEX-0062,text,A medical lesson contains an anatomical illustration. Synthetic variation 7.,education,medical,Nudity,Low,Allow,False,False,"The material has legitimate artistic, medical, or educational context."
TEX-0063,text,A customer asks a business about its opening hours. Synthetic variation 7.,user,business,Normal/Ignore,None,Allow,False,False,No meaningful Trust and Safety policy violation was detected.
TEX-0064,text,A child-safety report describes suspicious contact without graphic details. Synthetic variation 8.,user,social_media,Child Abuse,Critical,Block and escalate,True,False,The content contains indicators of unsafe contact involving a minor.
TEX-0065,text,A business announcement may be legitimate but was sent without consent. Synthetic variation 8.,user,comment_section,Spam,Low,Limit distribution,False,False,"The content appears repetitive, unsolicited, promotional, or unrelated."
TEX-0066,text,An unfamiliar recruiter requests payment before an interview. Synthetic variation 8.,user,job_offer,Scam,High,Block and warn,False,False,"The content contains possible financial fraud, impersonation, or credential theft."
TEX-0067,text,Two friends exchange language that may be joking or insulting. Synthetic variation 8.,user,workplace,Harassment/Cyberbullying,Medium,Review context,True,True,"The decision depends on targeting, repetition, threat level, and conversational context."
TEX-0068,text,An educational document examines the history of discriminatory propaganda. Synthetic variation 8.,education,education,Hate Speech,Low,Allow,False,False,Hateful material is discussed in reporting or educational context without endorsement.
TEX-0069,text,A verified report corrects a previously circulated false claim. Synthetic variation 8.,news,verified_news,Fake News,Low,Allow with context label,False,False,"The context indicates satire, correction, or verified reporting."
TEX-0070,text,Players discuss defeating opponents inside a fictional game. Synthetic variation 8.,gaming,gaming,Violence,Low,Allow,False,False,"The violent language or imagery is educational, historical, fictional, or game-related."
TEX-0071,text,A news report contains a blurred non-explicit image. Synthetic variation 8.,news,news,Nudity,Medium,Blur and show warning,False,False,The material appears in news context and may require sensitive-content treatment.
TEX-0072,text,A video shows a person demonstrating a harmless hobby. Synthetic variation 8.,user,entertainment,Normal/Ignore,None,Allow,False,False,No meaningful Trust and Safety policy violation was detected.
TEX-0073,text,An adult asks a minor to keep their private conversation secret. Synthetic variation 9.,user,child_safety_report,Child Abuse,High,Allow report and escalate for review,True,False,The content reports a child-safety concern without containing prohibited media.
TEX-0074,text,The same promotional message is posted repeatedly. Synthetic variation 9.,user,direct_message,Spam,Low,Limit distribution,False,False,"The content appears repetitive, unsolicited, promotional, or unrelated."
TEX-0075,text,The message asks for an OTP to restore a blocked bank account. Synthetic variation 9.,user,banking,Scam,High,Block and warn,False,False,"The content contains possible financial fraud, impersonation, or credential theft."
TEX-0076,text,A user repeatedly posts humiliating comments about another person. Synthetic variation 9.,user,social_media,Harassment/Cyberbullying,Medium,Restrict and warn,False,False,"The decision depends on targeting, repetition, threat level, and conversational context."
TEX-0077,text,A post attacks people because of a protected characteristic. Synthetic variation 9.,user,comment_section,Hate Speech,High,Block,False,False,The content appears to attack people based on a protected characteristic.
TEX-0078,text,An unverified post presents a fabricated public event as fact. Synthetic variation 9.,user,social_media,Fake News,Medium,Label and reduce distribution,True,True,The factual claim requires source verification before a final decision.
TEX-0079,text,A person makes a specific threat to physically harm someone. Synthetic variation 9.,user,real_threat,Violence,Critical,Block and escalate,True,False,The content may contain a credible real-world threat.
TEX-0080,text,The content appears to contain explicit adult imagery. Synthetic variation 9.,user,explicit,Nudity,High,Block or age-restrict,True,False,The content may contain explicit adult nudity and requires age and consent checks.
TEX-0081,text,A user shares a photograph of a meal with friends. Synthetic variation 9.,user,personal,Normal/Ignore,None,Allow,False,False,No meaningful Trust and Safety policy violation was detected.
TEX-0082,text,An account asks a child to send personal images. Synthetic variation 10.,user,private_message,Child Abuse,Critical,Block and escalate,True,False,The content contains indicators of unsafe contact involving a minor.
TEX-0083,text,An account sends unsolicited advertisements to many users. Synthetic variation 10.,user,advertisement,Spam,Low,Limit distribution,False,False,"The content appears repetitive, unsolicited, promotional, or unrelated."
TEX-0084,text,The sender promises a large guaranteed investment return. Synthetic variation 10.,user,shopping,Scam,High,Block and warn,False,False,"The content contains possible financial fraud, impersonation, or credential theft."
TEX-0085,text,Several accounts coordinate unwanted insulting messages. Synthetic variation 10.,gaming,gaming,Harassment/Cyberbullying,Medium,Review context,True,True,"The decision depends on targeting, repetition, threat level, and conversational context."
TEX-0086,text,A user calls for a protected group to be excluded from public life. Synthetic variation 10.,user,forum,Hate Speech,High,Block,False,False,The content appears to attack people based on a protected characteristic.
TEX-0087,text,A manipulated headline makes a claim unsupported by its article. Synthetic variation 10.,user,blog,Fake News,Medium,Label and reduce distribution,True,True,The factual claim requires source verification before a final decision.
TEX-0088,text,A news report shows non-graphic footage of a damaged building. Synthetic variation 10.,news,news,Violence,Medium,Allow with sensitive-content warning,False,False,The content depicts or discusses violence in non-graphic news reporting.
TEX-0089,text,A museum image shows a classical nude marble sculpture. Synthetic variation 10.,art,art,Nudity,Low,Allow,False,False,"The material has legitimate artistic, medical, or educational context."
TEX-0090,text,A teacher posts a normal classroom announcement. Synthetic variation 10.,education,education,Normal/Ignore,None,Allow,False,False,No meaningful Trust and Safety policy violation was detected.
TEX-0091,text,A user repeatedly attempts to move a conversation with a minor to a private app. Synthetic variation 11.,user,social_media,Child Abuse,Critical,Block and escalate,True,False,The content contains indicators of unsafe contact involving a minor.
TEX-0092,text,A comment contains repeated links unrelated to the discussion. Synthetic variation 11.,user,comment_section,Spam,Low,Limit distribution,False,False,"The content appears repetitive, unsolicited, promotional, or unrelated."
TEX-0093,text,A fake prize notice asks the recipient to pay a processing fee. Synthetic variation 11.,user,investment,Scam,High,Block and warn,False,False,"The content contains possible financial fraud, impersonation, or credential theft."
TEX-0094,text,A person threatens to publish private messages to embarrass someone. Synthetic variation 11.,user,school,Harassment/Cyberbullying,Medium,Restrict and warn,False,False,"The decision depends on targeting, repetition, threat level, and conversational context."
TEX-0095,text,A news report quotes hateful rhetoric while criticizing it. Synthetic variation 11.,news,news_report,Hate Speech,Low,Allow,False,False,Hateful material is discussed in reporting or educational context without endorsement.
TEX-0096,text,A satire article uses an intentionally fictional headline. Synthetic variation 11.,user,satire,Fake News,Low,Allow with context label,False,False,"The context indicates satire, correction, or verified reporting."
TEX-0097,text,A history lesson discusses a past armed conflict. Synthetic variation 11.,education,education,Violence,Low,Allow,False,False,"The violent language or imagery is educational, historical, fictional, or game-related."
TEX-0098,text,A medical lesson contains an anatomical illustration. Synthetic variation 11.,education,medical,Nudity,Low,Allow,False,False,"The material has legitimate artistic, medical, or educational context."
TEX-0099,text,A customer asks a business about its opening hours. Synthetic variation 11.,user,business,Normal/Ignore,None,Allow,False,False,No meaningful Trust and Safety policy violation was detected.
TEX-0100,text,A child-safety report describes suspicious contact without graphic details. Synthetic variation 12.,user,child_safety_report,Child Abuse,High,Allow report and escalate for review,True,False,The content reports a child-safety concern without containing prohibited media.
TEX-0101,text,A business announcement may be legitimate but was sent without consent. Synthetic variation 12.,user,direct_message,Spam,Low,Limit distribution,False,False,"The content appears repetitive, unsolicited, promotional, or unrelated."
TEX-0102,text,An unfamiliar recruiter requests payment before an interview. Synthetic variation 12.,user,job_offer,Scam,High,Block and warn,False,False,"The content contains possible financial fraud, impersonation, or credential theft."
TEX-0103,text,Two friends exchange language that may be joking or insulting. Synthetic variation 12.,user,workplace,Harassment/Cyberbullying,Medium,Restrict and warn,False,False,"The decision depends on targeting, repetition, threat level, and conversational context."
TEX-0104,text,An educational document examines the history of discriminatory propaganda. Synthetic variation 12.,education,education,Hate Speech,Low,Allow,False,False,Hateful material is discussed in reporting or educational context without endorsement.
TEX-0105,text,A verified report corrects a previously circulated false claim. Synthetic variation 12.,news,verified_news,Fake News,Low,Allow with context label,False,False,"The context indicates satire, correction, or verified reporting."
TEX-0106,text,Players discuss defeating opponents inside a fictional game. Synthetic variation 12.,gaming,gaming,Violence,Low,Allow,False,False,"The violent language or imagery is educational, historical, fictional, or game-related."
TEX-0107,text,A news report contains a blurred non-explicit image. Synthetic variation 12.,news,news,Nudity,Medium,Blur and show warning,False,False,The material appears in news context and may require sensitive-content treatment.
TEX-0108,text,A video shows a person demonstrating a harmless hobby. Synthetic variation 12.,user,entertainment,Normal/Ignore,None,Allow,False,False,No meaningful Trust and Safety policy violation was detected.
TEX-0109,text,An adult asks a minor to keep their private conversation secret. Synthetic variation 13.,user,private_message,Child Abuse,Critical,Block and escalate,True,False,The content contains indicators of unsafe contact involving a minor.
TEX-0110,text,The same promotional message is posted repeatedly. Synthetic variation 13.,user,advertisement,Spam,Low,Limit distribution,False,False,"The content appears repetitive, unsolicited, promotional, or unrelated."
TEX-0111,text,The message asks for an OTP to restore a blocked bank account. Synthetic variation 13.,user,banking,Scam,Medium,Warn and review,True,True,"The content contains possible financial fraud, impersonation, or credential theft."
TEX-0112,text,A user repeatedly posts humiliating comments about another person. Synthetic variation 13.,user,social_media,Harassment/Cyberbullying,Medium,Restrict and warn,False,False,"The decision depends on targeting, repetition, threat level, and conversational context."
TEX-0113,text,A post attacks people because of a protected characteristic. Synthetic variation 13.,user,comment_section,Hate Speech,High,Block,False,False,The content appears to attack people based on a protected characteristic.
TEX-0114,text,An unverified post presents a fabricated public event as fact. Synthetic variation 13.,user,social_media,Fake News,Medium,Label and reduce distribution,True,True,The factual claim requires source verification before a final decision.
TEX-0115,text,A person makes a specific threat to physically harm someone. Synthetic variation 13.,user,real_threat,Violence,Critical,Block and escalate,True,False,The content may contain a credible real-world threat.
TEX-0116,text,The content appears to contain explicit adult imagery. Synthetic variation 13.,user,explicit,Nudity,High,Block or age-restrict,True,False,The content may contain explicit adult nudity and requires age and consent checks.
TEX-0117,text,A user shares a photograph of a meal with friends. Synthetic variation 13.,user,personal,Normal/Ignore,None,Allow,False,False,No meaningful Trust and Safety policy violation was detected.
TEX-0118,text,An account asks a child to send personal images. Synthetic variation 14.,user,social_media,Child Abuse,Critical,Block and escalate,True,False,The content contains indicators of unsafe contact involving a minor.
TEX-0119,text,An account sends unsolicited advertisements to many users. Synthetic variation 14.,user,comment_section,Spam,Low,Limit distribution,False,False,"The content appears repetitive, unsolicited, promotional, or unrelated."
TEX-0120,text,The sender promises a large guaranteed investment return. Synthetic variation 14.,user,shopping,Scam,High,Block and warn,False,False,"The content contains possible financial fraud, impersonation, or credential theft."
TEX-0121,text,Several accounts coordinate unwanted insulting messages. Synthetic variation 14.,gaming,gaming,Harassment/Cyberbullying,Medium,Review context,True,True,"The decision depends on targeting, repetition, threat level, and conversational context."
TEX-0122,text,A user calls for a protected group to be excluded from public life. Synthetic variation 14.,user,forum,Hate Speech,High,Block,True,True,The content appears to attack people based on a protected characteristic.
TEX-0123,text,A manipulated headline makes a claim unsupported by its article. Synthetic variation 14.,user,blog,Fake News,Medium,Label and reduce distribution,True,True,The factual claim requires source verification before a final decision.
TEX-0124,text,A news report shows non-graphic footage of a damaged building. Synthetic variation 14.,news,news,Violence,Medium,Allow with sensitive-content warning,False,False,The content depicts or discusses violence in non-graphic news reporting.
TEX-0125,text,A museum image shows a classical nude marble sculpture. Synthetic variation 14.,art,art,Nudity,Low,Allow,False,False,"The material has legitimate artistic, medical, or educational context."
TEX-0126,text,A teacher posts a normal classroom announcement. Synthetic variation 14.,education,education,Normal/Ignore,None,Allow,False,False,No meaningful Trust and Safety policy violation was detected.
TEX-0127,text,A user repeatedly attempts to move a conversation with a minor to a private app. Synthetic variation 15.,user,child_safety_report,Child Abuse,High,Allow report and escalate for review,True,False,The content reports a child-safety concern without containing prohibited media.
TEX-0128,text,A comment contains repeated links unrelated to the discussion. Synthetic variation 15.,user,direct_message,Spam,Low,Limit distribution,False,False,"The content appears repetitive, unsolicited, promotional, or unrelated."
TEX-0129,text,A fake prize notice asks the recipient to pay a processing fee. Synthetic variation 15.,user,investment,Scam,High,Block and warn,False,False,"The content contains possible financial fraud, impersonation, or credential theft."
TEX-0130,text,A person threatens to publish private messages to embarrass someone. Synthetic variation 15.,user,school,Harassment/Cyberbullying,Medium,Restrict and warn,False,False,"The decision depends on targeting, repetition, threat level, and conversational context."
TEX-0131,text,A news report quotes hateful rhetoric while criticizing it. Synthetic variation 15.,news,news_report,Hate Speech,Low,Allow,False,False,Hateful material is discussed in reporting or educational context without endorsement.
TEX-0132,text,A satire article uses an intentionally fictional headline. Synthetic variation 15.,user,satire,Fake News,Low,Allow with context label,False,False,"The context indicates satire, correction, or verified reporting."
TEX-0133,text,A history lesson discusses a past armed conflict. Synthetic variation 15.,education,education,Violence,Low,Allow,False,False,"The violent language or imagery is educational, historical, fictional, or game-related."
TEX-0134,text,A medical lesson contains an anatomical illustration. Synthetic variation 15.,education,medical,Nudity,Low,Allow,False,False,"The material has legitimate artistic, medical, or educational context."
TEX-0135,text,A customer asks a business about its opening hours. Synthetic variation 15.,user,business,Normal/Ignore,None,Allow,False,False,No meaningful Trust and Safety policy violation was detected.
TEX-0136,text,A child-safety report describes suspicious contact without graphic details. Synthetic variation 16.,user,private_message,Child Abuse,Critical,Block and escalate,True,False,The content contains indicators of unsafe contact involving a minor.
TEX-0137,text,A business announcement may be legitimate but was sent without consent. Synthetic variation 16.,user,advertisement,Spam,Low,Limit distribution,False,False,"The content appears repetitive, unsolicited, promotional, or unrelated."
TEX-0138,text,An unfamiliar recruiter requests payment before an interview. Synthetic variation 16.,user,job_offer,Scam,High,Block and warn,False,False,"The content contains possible financial fraud, impersonation, or credential theft."
TEX-0139,text,Two friends exchange language that may be joking or insulting. Synthetic variation 16.,user,workplace,Harassment/Cyberbullying,Medium,Restrict and warn,False,False,"The decision depends on targeting, repetition, threat level, and conversational context."
TEX-0140,text,An educational document examines the history of discriminatory propaganda. Synthetic variation 16.,education,education,Hate Speech,Low,Allow,False,False,Hateful material is discussed in reporting or educational context without endorsement.
TEX-0141,text,A verified report corrects a previously circulated false claim. Synthetic variation 16.,news,verified_news,Fake News,Low,Allow with context label,False,False,"The context indicates satire, correction, or verified reporting."
TEX-0142,text,Players discuss defeating opponents inside a fictional game. Synthetic variation 16.,gaming,gaming,Violence,Low,Allow,False,False,"The violent language or imagery is educational, historical, fictional, or game-related."
TEX-0143,text,A news report contains a blurred non-explicit image. Synthetic variation 16.,news,news,Nudity,Medium,Blur and show warning,False,False,The material appears in news context and may require sensitive-content treatment.
TEX-0144,text,A video shows a person demonstrating a harmless hobby. Synthetic variation 16.,user,entertainment,Normal/Ignore,None,Allow,False,False,No meaningful Trust and Safety policy violation was detected.
TEX-0145,text,An adult asks a minor to keep their private conversation secret. Synthetic variation 17.,user,social_media,Child Abuse,Critical,Block and escalate,True,False,The content contains indicators of unsafe contact involving a minor.
TEX-0146,text,The same promotional message is posted repeatedly. Synthetic variation 17.,user,comment_section,Spam,Low,Limit distribution,False,False,"The content appears repetitive, unsolicited, promotional, or unrelated."
TEX-0147,text,The message asks for an OTP to restore a blocked bank account. Synthetic variation 17.,user,banking,Scam,High,Block and warn,False,False,"The content contains possible financial fraud, impersonation, or credential theft."
TEX-0148,text,A user repeatedly posts humiliating comments about another person. Synthetic variation 17.,user,social_media,Harassment/Cyberbullying,Medium,Restrict and warn,False,False,"The decision depends on targeting, repetition, threat level, and conversational context."
TEX-0149,text,A post attacks people because of a protected characteristic. Synthetic variation 17.,user,comment_section,Hate Speech,High,Block,False,False,The content appears to attack people based on a protected characteristic.
TEX-0150,text,An unverified post presents a fabricated public event as fact. Synthetic variation 17.,user,social_media,Fake News,Medium,Label and reduce distribution,True,True,The factual claim requires source verification before a final decision.
TEX-0151,text,A person makes a specific threat to physically harm someone. Synthetic variation 17.,user,real_threat,Violence,Critical,Block and escalate,True,False,The content may contain a credible real-world threat.
TEX-0152,text,The content appears to contain explicit adult imagery. Synthetic variation 17.,user,explicit,Nudity,High,Block or age-restrict,True,False,The content may contain explicit adult nudity and requires age and consent checks.
TEX-0153,text,A user shares a photograph of a meal with friends. Synthetic variation 17.,user,personal,Normal/Ignore,None,Allow,False,False,No meaningful Trust and Safety policy violation was detected.
TEX-0154,text,An account asks a child to send personal images. Synthetic variation 18.,user,child_safety_report,Child Abuse,High,Allow report and escalate for review,True,False,The content reports a child-safety concern without containing prohibited media.
TEX-0155,text,An account sends unsolicited advertisements to many users. Synthetic variation 18.,user,direct_message,Spam,Low,Allow pending review,True,True,"The content appears repetitive, unsolicited, promotional, or unrelated."
TEX-0156,text,The sender promises a large guaranteed investment return. Synthetic variation 18.,user,shopping,Scam,High,Block and warn,False,False,"The content contains possible financial fraud, impersonation, or credential theft."
TEX-0157,text,Several accounts coordinate unwanted insulting messages. Synthetic variation 18.,gaming,gaming,Harassment/Cyberbullying,Medium,Review context,True,True,"The decision depends on targeting, repetition, threat level, and conversational context."
TEX-0158,text,A user calls for a protected group to be excluded from public life. Synthetic variation 18.,user,forum,Hate Speech,High,Block,False,False,The content appears to attack people based on a protected characteristic.
TEX-0159,text,A manipulated headline makes a claim unsupported by its article. Synthetic variation 18.,user,blog,Fake News,Medium,Label and reduce distribution,True,True,The factual claim requires source verification before a final decision.
TEX-0160,text,A news report shows non-graphic footage of a damaged building. Synthetic variation 18.,news,news,Violence,Medium,Allow with sensitive-content warning,False,False,The content depicts or discusses violence in non-graphic news reporting.
TEX-0161,text,A museum image shows a classical nude marble sculpture. Synthetic variation 18.,art,art,Nudity,Low,Allow,False,False,"The material has legitimate artistic, medical, or educational context."
TEX-0162,text,A teacher posts a normal classroom announcement. Synthetic variation 18.,education,education,Normal/Ignore,None,Allow,False,False,No meaningful Trust and Safety policy violation was detected.
TEX-0163,text,A user repeatedly attempts to move a conversation with a minor to a private app. Synthetic variation 19.,user,private_message,Child Abuse,Critical,Block and escalate,True,False,The content contains indicators of unsafe contact involving a minor.
TEX-0164,text,A comment contains repeated links unrelated to the discussion. Synthetic variation 19.,user,advertisement,Spam,Low,Limit distribution,False,False,"The content appears repetitive, unsolicited, promotional, or unrelated."
TEX-0165,text,A fake prize notice asks the recipient to pay a processing fee. Synthetic variation 19.,user,investment,Scam,High,Block and warn,False,False,"The content contains possible financial fraud, impersonation, or credential theft."
TEX-0166,text,A person threatens to publish private messages to embarrass someone. Synthetic variation 19.,user,school,Harassment/Cyberbullying,Medium,Review context,True,True,"The decision depends on targeting, repetition, threat level, and conversational context."
TEX-0167,text,A news report quotes hateful rhetoric while criticizing it. Synthetic variation 19.,news,news_report,Hate Speech,Low,Allow,False,False,Hateful material is discussed in reporting or educational context without endorsement.
TEX-0168,text,A satire article uses an intentionally fictional headline. Synthetic variation 19.,user,satire,Fake News,Low,Allow with context label,False,False,"The context indicates satire, correction, or verified reporting."
TEX-0169,text,A history lesson discusses a past armed conflict. Synthetic variation 19.,education,education,Violence,Low,Allow,False,False,"The violent language or imagery is educational, historical, fictional, or game-related."
TEX-0170,text,A medical lesson contains an anatomical illustration. Synthetic variation 19.,education,medical,Nudity,Low,Allow,False,False,"The material has legitimate artistic, medical, or educational context."
TEX-0171,text,A customer asks a business about its opening hours. Synthetic variation 19.,user,business,Normal/Ignore,None,Allow,False,False,No meaningful Trust and Safety policy violation was detected.
TEX-0172,text,A child-safety report describes suspicious contact without graphic details. Synthetic variation 20.,user,social_media,Child Abuse,Critical,Block and escalate,True,False,The content contains indicators of unsafe contact involving a minor.
TEX-0173,text,A business announcement may be legitimate but was sent without consent. Synthetic variation 20.,user,comment_section,Spam,Low,Limit distribution,False,False,"The content appears repetitive, unsolicited, promotional, or unrelated."
TEX-0174,text,An unfamiliar recruiter requests payment before an interview. Synthetic variation 20.,user,job_offer,Scam,High,Block and warn,False,False,"The content contains possible financial fraud, impersonation, or credential theft."
TEX-0175,text,Two friends exchange language that may be joking or insulting. Synthetic variation 20.,user,workplace,Harassment/Cyberbullying,Medium,Restrict and warn,False,False,"The decision depends on targeting, repetition, threat level, and conversational context."
TEX-0176,text,An educational document examines the history of discriminatory propaganda. Synthetic variation 20.,education,education,Hate Speech,Low,Allow,False,False,Hateful material is discussed in reporting or educational context without endorsement.
TEX-0177,text,A verified report corrects a previously circulated false claim. Synthetic variation 20.,news,verified_news,Fake News,Low,Allow with context label,False,False,"The context indicates satire, correction, or verified reporting."
TEX-0178,text,Players discuss defeating opponents inside a fictional game. Synthetic variation 20.,gaming,gaming,Violence,Low,Allow,False,False,"The violent language or imagery is educational, historical, fictional, or game-related."
TEX-0179,text,A news report contains a blurred non-explicit image. Synthetic variation 20.,news,news,Nudity,Medium,Blur and show warning,False,False,The material appears in news context and may require sensitive-content treatment.
TEX-0180,text,A video shows a person demonstrating a harmless hobby. Synthetic variation 20.,user,entertainment,Normal/Ignore,None,Allow,False,False,No meaningful Trust and Safety policy violation was detected.
TEX-0181,text,An adult asks a minor to keep their private conversation secret. Synthetic variation 21.,user,child_safety_report,Child Abuse,High,Allow report and escalate for review,True,False,The content reports a child-safety concern without containing prohibited media.
TEX-0182,text,The same promotional message is posted repeatedly. Synthetic variation 21.,user,direct_message,Spam,Low,Limit distribution,False,False,"The content appears repetitive, unsolicited, promotional, or unrelated."
TEX-0183,text,The message asks for an OTP to restore a blocked bank account. Synthetic variation 21.,user,banking,Scam,High,Block and warn,False,False,"The content contains possible financial fraud, impersonation, or credential theft."
TEX-0184,text,A user repeatedly posts humiliating comments about another person. Synthetic variation 21.,user,social_media,Harassment/Cyberbullying,Medium,Restrict and warn,False,False,"The decision depends on targeting, repetition, threat level, and conversational context."
TEX-0185,text,A post attacks people because of a protected characteristic. Synthetic variation 21.,user,comment_section,Hate Speech,High,Block,False,False,The content appears to attack people based on a protected characteristic.
TEX-0186,text,An unverified post presents a fabricated public event as fact. Synthetic variation 21.,user,social_media,Fake News,Medium,Label and reduce distribution,True,True,The factual claim requires source verification before a final decision.
TEX-0187,text,A person makes a specific threat to physically harm someone. Synthetic variation 21.,user,real_threat,Violence,Critical,Block and escalate,True,False,The content may contain a credible real-world threat.
TEX-0188,text,The content appears to contain explicit adult imagery. Synthetic variation 21.,user,explicit,Nudity,High,Block or age-restrict,True,True,The content may contain explicit adult nudity and requires age and consent checks.
TEX-0189,text,A user shares a photograph of a meal with friends. Synthetic variation 21.,user,personal,Normal/Ignore,None,Allow,False,False,No meaningful Trust and Safety policy violation was detected.
TEX-0190,text,An account asks a child to send personal images. Synthetic variation 22.,user,private_message,Child Abuse,Critical,Block and escalate,True,False,The content contains indicators of unsafe contact involving a minor.
TEX-0191,text,An account sends unsolicited advertisements to many users. Synthetic variation 22.,user,advertisement,Spam,Low,Limit distribution,False,False,"The content appears repetitive, unsolicited, promotional, or unrelated."
TEX-0192,text,The sender promises a large guaranteed investment return. Synthetic variation 22.,user,shopping,Scam,High,Block and warn,False,False,"The content contains possible financial fraud, impersonation, or credential theft."
TEX-0193,text,Several accounts coordinate unwanted insulting messages. Synthetic variation 22.,gaming,gaming,Harassment/Cyberbullying,Medium,Review context,True,True,"The decision depends on targeting, repetition, threat level, and conversational context."
TEX-0194,text,A user calls for a protected group to be excluded from public life. Synthetic variation 22.,user,forum,Hate Speech,High,Block,False,False,The content appears to attack people based on a protected characteristic.
TEX-0195,text,A manipulated headline makes a claim unsupported by its article. Synthetic variation 22.,user,blog,Fake News,Medium,Label and reduce distribution,True,True,The factual claim requires source verification before a final decision.
TEX-0196,text,A news report shows non-graphic footage of a damaged building. Synthetic variation 22.,news,news,Violence,Medium,Allow with sensitive-content warning,False,False,The content depicts or discusses violence in non-graphic news reporting.
TEX-0197,text,A museum image shows a classical nude marble sculpture. Synthetic variation 22.,art,art,Nudity,Low,Allow,False,False,"The material has legitimate artistic, medical, or educational context."
TEX-0198,text,A teacher posts a normal classroom announcement. Synthetic variation 22.,education,education,Normal/Ignore,None,Allow,False,False,No meaningful Trust and Safety policy violation was detected.
TEX-0199,text,A user repeatedly attempts to move a conversation with a minor to a private app. Synthetic variation 23.,user,social_media,Child Abuse,Critical,Block and escalate,True,False,The content contains indicators of unsafe contact involving a minor.
TEX-0200,text,A comment contains repeated links unrelated to the discussion. Synthetic variation 23.,user,comment_section,Spam,Low,Limit distribution,False,False,"The content appears repetitive, unsolicited, promotional, or unrelated."
TEX-0201,text,A fake prize notice asks the recipient to pay a processing fee. Synthetic variation 23.,user,investment,Scam,High,Block and warn,False,False,"The content contains possible financial fraud, impersonation, or credential theft."
TEX-0202,text,A person threatens to publish private messages to embarrass someone. Synthetic variation 23.,user,school,Harassment/Cyberbullying,Medium,Restrict and warn,False,False,"The decision depends on targeting, repetition, threat level, and conversational context."
TEX-0203,text,A news report quotes hateful rhetoric while criticizing it. Synthetic variation 23.,news,news_report,Hate Speech,Low,Allow,False,False,Hateful material is discussed in reporting or educational context without endorsement.
TEX-0204,text,A satire article uses an intentionally fictional headline. Synthetic variation 23.,user,satire,Fake News,Low,Allow with context label,False,False,"The context indicates satire, correction, or verified reporting."
TEX-0205,text,A history lesson discusses a past armed conflict. Synthetic variation 23.,education,education,Violence,Low,Allow,False,False,"The violent language or imagery is educational, historical, fictional, or game-related."
TEX-0206,text,A medical lesson contains an anatomical illustration. Synthetic variation 23.,education,medical,Nudity,Low,Allow,False,False,"The material has legitimate artistic, medical, or educational context."
TEX-0207,text,A customer asks a business about its opening hours. Synthetic variation 23.,user,business,Normal/Ignore,None,Allow,False,False,No meaningful Trust and Safety policy violation was detected.
TEX-0208,text,A child-safety report describes suspicious contact without graphic details. Synthetic variation 24.,user,child_safety_report,Child Abuse,High,Allow report and escalate for review,True,False,The content reports a child-safety concern without containing prohibited media.
TEX-0209,text,A business announcement may be legitimate but was sent without consent. Synthetic variation 24.,user,direct_message,Spam,Low,Limit distribution,False,False,"The content appears repetitive, unsolicited, promotional, or unrelated."
TEX-0210,text,An unfamiliar recruiter requests payment before an interview. Synthetic variation 24.,user,job_offer,Scam,Medium,Warn and review,True,True,"The content contains possible financial fraud, impersonation, or credential theft."
TEX-0211,text,Two friends exchange language that may be joking or insulting. Synthetic variation 24.,user,workplace,Harassment/Cyberbullying,Medium,Restrict and warn,False,False,"The decision depends on targeting, repetition, threat level, and conversational context."
TEX-0212,text,An educational document examines the history of discriminatory propaganda. Synthetic variation 24.,education,education,Hate Speech,Low,Allow,False,False,Hateful material is discussed in reporting or educational context without endorsement.
TEX-0213,text,A verified report corrects a previously circulated false claim. Synthetic variation 24.,news,verified_news,Fake News,Low,Allow with context label,False,False,"The context indicates satire, correction, or verified reporting."
TEX-0214,text,Players discuss defeating opponents inside a fictional game. Synthetic variation 24.,gaming,gaming,Violence,Low,Allow,False,False,"The violent language or imagery is educational, historical, fictional, or game-related."
TEX-0215,text,A news report contains a blurred non-explicit image. Synthetic variation 24.,news,news,Nudity,Medium,Blur and show warning,False,False,The material appears in news context and may require sensitive-content treatment.
TEX-0216,text,A video shows a person demonstrating a harmless hobby. Synthetic variation 24.,user,entertainment,Normal/Ignore,None,Allow,False,False,No meaningful Trust and Safety policy violation was detected.
TEX-0217,text,An adult asks a minor to keep their private conversation secret. Synthetic variation 25.,user,private_message,Child Abuse,Critical,Block and escalate,True,False,The content contains indicators of unsafe contact involving a minor.
TEX-0218,text,The same promotional message is posted repeatedly. Synthetic variation 25.,user,advertisement,Spam,Low,Limit distribution,False,False,"The content appears repetitive, unsolicited, promotional, or unrelated."
TEX-0219,text,The message asks for an OTP to restore a blocked bank account. Synthetic variation 25.,user,banking,Scam,High,Block and warn,False,False,"The content contains possible financial fraud, impersonation, or credential theft."
TEX-0220,text,A user repeatedly posts humiliating comments about another person. Synthetic variation 25.,user,social_media,Harassment/Cyberbullying,Medium,Restrict and warn,False,False,"The decision depends on targeting, repetition, threat level, and conversational context."
TEX-0221,text,A post attacks people because of a protected characteristic. Synthetic variation 25.,user,comment_section,Hate Speech,High,Block,True,True,The content appears to attack people based on a protected characteristic.
TEX-0222,text,An unverified post presents a fabricated public event as fact. Synthetic variation 25.,user,social_media,Fake News,Medium,Label and reduce distribution,True,True,The factual claim requires source verification before a final decision.
TEX-0223,text,A person makes a specific threat to physically harm someone. Synthetic variation 25.,user,real_threat,Violence,Critical,Block and escalate,True,False,The content may contain a credible real-world threat.
TEX-0224,text,The content appears to contain explicit adult imagery. Synthetic variation 25.,user,explicit,Nudity,High,Block or age-restrict,True,False,The content may contain explicit adult nudity and requires age and consent checks.
TEX-0225,text,A user shares a photograph of a meal with friends. Synthetic variation 25.,user,personal,Normal/Ignore,None,Allow,False,False,No meaningful Trust and Safety policy violation was detected.
TEX-0226,text,An account asks a child to send personal images. Synthetic variation 26.,user,social_media,Child Abuse,Critical,Block and escalate,True,False,The content contains indicators of unsafe contact involving a minor.
TEX-0227,text,An account sends unsolicited advertisements to many users. Synthetic variation 26.,user,comment_section,Spam,Low,Limit distribution,False,False,"The content appears repetitive, unsolicited, promotional, or unrelated."
TEX-0228,text,The sender promises a large guaranteed investment return. Synthetic variation 26.,user,shopping,Scam,High,Block and warn,False,False,"The content contains possible financial fraud, impersonation, or credential theft."
TEX-0229,text,Several accounts coordinate unwanted insulting messages. Synthetic variation 26.,gaming,gaming,Harassment/Cyberbullying,Medium,Review context,True,True,"The decision depends on targeting, repetition, threat level, and conversational context."
TEX-0230,text,A user calls for a protected group to be excluded from public life. Synthetic variation 26.,user,forum,Hate Speech,High,Block,False,False,The content appears to attack people based on a protected characteristic.
TEX-0231,text,A manipulated headline makes a claim unsupported by its article. Synthetic variation 26.,user,blog,Fake News,Medium,Label and reduce distribution,True,True,The factual claim requires source verification before a final decision.
TEX-0232,text,A news report shows non-graphic footage of a damaged building. Synthetic variation 26.,news,news,Violence,Medium,Allow with sensitive-content warning,False,False,The content depicts or discusses violence in non-graphic news reporting.
TEX-0233,text,A museum image shows a classical nude marble sculpture. Synthetic variation 26.,art,art,Nudity,Low,Allow,False,False,"The material has legitimate artistic, medical, or educational context."
TEX-0234,text,A teacher posts a normal classroom announcement. Synthetic variation 26.,education,education,Normal/Ignore,None,Allow,False,False,No meaningful Trust and Safety policy violation was detected.
TEX-0235,text,A user repeatedly attempts to move a conversation with a minor to a private app. Synthetic variation 27.,user,child_safety_report,Child Abuse,High,Allow report and escalate for review,True,False,The content reports a child-safety concern without containing prohibited media.
TEX-0236,text,A comment contains repeated links unrelated to the discussion. Synthetic variation 27.,user,direct_message,Spam,Low,Limit distribution,False,False,"The content appears repetitive, unsolicited, promotional, or unrelated."
TEX-0237,text,A fake prize notice asks the recipient to pay a processing fee. Synthetic variation 27.,user,investment,Scam,High,Block and warn,False,False,"The content contains possible financial fraud, impersonation, or credential theft."
TEX-0238,text,A person threatens to publish private messages to embarrass someone. Synthetic variation 27.,user,school,Harassment/Cyberbullying,Medium,Restrict and warn,False,False,"The decision depends on targeting, repetition, threat level, and conversational context."
TEX-0239,text,A news report quotes hateful rhetoric while criticizing it. Synthetic variation 27.,news,news_report,Hate Speech,Low,Allow,False,False,Hateful material is discussed in reporting or educational context without endorsement.
TEX-0240,text,A satire article uses an intentionally fictional headline. Synthetic variation 27.,user,satire,Fake News,Low,Allow with context label,False,False,"The context indicates satire, correction, or verified reporting."
TEX-0241,text,A history lesson discusses a past armed conflict. Synthetic variation 27.,education,education,Violence,Low,Allow,False,False,"The violent language or imagery is educational, historical, fictional, or game-related."
TEX-0242,text,A medical lesson contains an anatomical illustration. Synthetic variation 27.,education,medical,Nudity,Low,Allow,False,False,"The material has legitimate artistic, medical, or educational context."
TEX-0243,text,A customer asks a business about its opening hours. Synthetic variation 27.,user,business,Normal/Ignore,None,Allow,False,False,No meaningful Trust and Safety policy violation was detected.
TEX-0244,text,A child-safety report describes suspicious contact without graphic details. Synthetic variation 28.,user,private_message,Child Abuse,Critical,Block and escalate,True,False,The content contains indicators of unsafe contact involving a minor.
TEX-0245,text,A business announcement may be legitimate but was sent without consent. Synthetic variation 28.,user,advertisement,Spam,Low,Limit distribution,False,False,"The content appears repetitive, unsolicited, promotional, or unrelated."
TEX-0246,text,An unfamiliar recruiter requests payment before an interview. Synthetic variation 28.,user,job_offer,Scam,High,Block and warn,False,False,"The content contains possible financial fraud, impersonation, or credential theft."
TEX-0247,text,Two friends exchange language that may be joking or insulting. Synthetic variation 28.,user,workplace,Harassment/Cyberbullying,Medium,Restrict and warn,False,False,"The decision depends on targeting, repetition, threat level, and conversational context."
TEX-0248,text,An educational document examines the history of discriminatory propaganda. Synthetic variation 28.,education,education,Hate Speech,Low,Allow,False,False,Hateful material is discussed in reporting or educational context without endorsement.
TEX-0249,text,A verified report corrects a previously circulated false claim. Synthetic variation 28.,news,verified_news,Fake News,Low,Allow with context label,False,False,"The context indicates satire, correction, or verified reporting."
TEX-0250,text,Players discuss defeating opponents inside a fictional game. Synthetic variation 28.,gaming,gaming,Violence,Low,Allow,False,False,"The violent language or imagery is educational, historical, fictional, or game-related."
TEX-0251,text,A news report contains a blurred non-explicit image. Synthetic variation 28.,news,news,Nudity,Medium,Blur and show warning,False,False,The material appears in news context and may require sensitive-content treatment.
TEX-0252,text,A video shows a person demonstrating a harmless hobby. Synthetic variation 28.,user,entertainment,Normal/Ignore,None,Allow,False,False,No meaningful Trust and Safety policy violation was detected.
TEX-0253,text,An adult asks a minor to keep their private conversation secret. Synthetic variation 29.,user,social_media,Child Abuse,Critical,Block and escalate,True,False,The content contains indicators of unsafe contact involving a minor.
TEX-0254,text,The same promotional message is posted repeatedly. Synthetic variation 29.,user,comment_section,Spam,Low,Allow pending review,True,True,"The content appears repetitive, unsolicited, promotional, or unrelated."
TEX-0255,text,The message asks for an OTP to restore a blocked bank account. Synthetic variation 29.,user,banking,Scam,High,Block and warn,False,False,"The content contains possible financial fraud, impersonation, or credential theft."
TEX-0256,text,A user repeatedly posts humiliating comments about another person. Synthetic variation 29.,user,social_media,Harassment/Cyberbullying,Medium,Restrict and warn,False,False,"The decision depends on targeting, repetition, threat level, and conversational context."
TEX-0257,text,A post attacks people because of a protected characteristic. Synthetic variation 29.,user,comment_section,Hate Speech,High,Block,False,False,The content appears to attack people based on a protected characteristic.
TEX-0258,text,An unverified post presents a fabricated public event as fact. Synthetic variation 29.,user,social_media,Fake News,Medium,Label and reduce distribution,True,True,The factual claim requires source verification before a final decision.
TEX-0259,text,A person makes a specific threat to physically harm someone. Synthetic variation 29.,user,real_threat,Violence,Critical,Block and escalate,True,False,The content may contain a credible real-world threat.
TEX-0260,text,The content appears to contain explicit adult imagery. Synthetic variation 29.,user,explicit,Nudity,High,Block or age-restrict,True,False,The content may contain explicit adult nudity and requires age and consent checks.
TEX-0261,text,A user shares a photograph of a meal with friends. Synthetic variation 29.,user,personal,Normal/Ignore,None,Allow,False,False,No meaningful Trust and Safety policy violation was detected.
TEX-0262,text,An account asks a child to send personal images. Synthetic variation 30.,user,child_safety_report,Child Abuse,High,Allow report and escalate for review,True,False,The content reports a child-safety concern without containing prohibited media.
TEX-0263,text,An account sends unsolicited advertisements to many users. Synthetic variation 30.,user,direct_message,Spam,Low,Limit distribution,False,False,"The content appears repetitive, unsolicited, promotional, or unrelated."
TEX-0264,text,The sender promises a large guaranteed investment return. Synthetic variation 30.,user,shopping,Scam,High,Block and warn,False,False,"The content contains possible financial fraud, impersonation, or credential theft."
TEX-0265,text,Several accounts coordinate unwanted insulting messages. Synthetic variation 30.,gaming,gaming,Harassment/Cyberbullying,Medium,Review context,True,True,"The decision depends on targeting, repetition, threat level, and conversational context."
TEX-0266,text,A user calls for a protected group to be excluded from public life. Synthetic variation 30.,user,forum,Hate Speech,High,Block,False,False,The content appears to attack people based on a protected characteristic.
TEX-0267,text,A manipulated headline makes a claim unsupported by its article. Synthetic variation 30.,user,blog,Fake News,Medium,Label and reduce distribution,True,True,The factual claim requires source verification before a final decision.
TEX-0268,text,A news report shows non-graphic footage of a damaged building. Synthetic variation 30.,news,news,Violence,Medium,Allow with sensitive-content warning,False,False,The content depicts or discusses violence in non-graphic news reporting.
TEX-0269,text,A museum image shows a classical nude marble sculpture. Synthetic variation 30.,art,art,Nudity,Low,Allow,False,False,"The material has legitimate artistic, medical, or educational context."
TEX-0270,text,A teacher posts a normal classroom announcement. Synthetic variation 30.,education,education,Normal/Ignore,None,Allow,False,False,No meaningful Trust and Safety policy violation was detected.
TEX-0271,text,A user repeatedly attempts to move a conversation with a minor to a private app. Synthetic variation 31.,user,private_message,Child Abuse,Critical,Block and escalate,True,False,The content contains indicators of unsafe contact involving a minor.
TEX-0272,text,A comment contains repeated links unrelated to the discussion. Synthetic variation 31.,user,advertisement,Spam,Low,Limit distribution,False,False,"The content appears repetitive, unsolicited, promotional, or unrelated."
TEX-0273,text,A fake prize notice asks the recipient to pay a processing fee. Synthetic variation 31.,user,investment,Scam,High,Block and warn,False,False,"The content contains possible financial fraud, impersonation, or credential theft."
TEX-0274,text,A person threatens to publish private messages to embarrass someone. Synthetic variation 31.,user,school,Harassment/Cyberbullying,Medium,Restrict and warn,False,False,"The decision depends on targeting, repetition, threat level, and conversational context."
TEX-0275,text,A news report quotes hateful rhetoric while criticizing it. Synthetic variation 31.,news,news_report,Hate Speech,Low,Allow,False,False,Hateful material is discussed in reporting or educational context without endorsement.
TEX-0276,text,A satire article uses an intentionally fictional headline. Synthetic variation 31.,user,satire,Fake News,Low,Allow with context label,False,False,"The context indicates satire, correction, or verified reporting."
TEX-0277,text,A history lesson discusses a past armed conflict. Synthetic variation 31.,education,education,Violence,Low,Allow,False,False,"The violent language or imagery is educational, historical, fictional, or game-related."
TEX-0278,text,A medical lesson contains an anatomical illustration. Synthetic variation 31.,education,medical,Nudity,Low,Allow,False,False,"The material has legitimate artistic, medical, or educational context."
TEX-0279,text,A customer asks a business about its opening hours. Synthetic variation 31.,user,business,Normal/Ignore,None,Allow,False,False,No meaningful Trust and Safety policy violation was detected.
TEX-0280,text,A child-safety report describes suspicious contact without graphic details. Synthetic variation 32.,user,social_media,Child Abuse,Critical,Block and escalate,True,False,The content contains indicators of unsafe contact involving a minor.
TEX-0281,text,A business announcement may be legitimate but was sent without consent. Synthetic variation 32.,user,comment_section,Spam,Low,Limit distribution,False,False,"The content appears repetitive, unsolicited, promotional, or unrelated."
TEX-0282,text,An unfamiliar recruiter requests payment before an interview. Synthetic variation 32.,user,job_offer,Scam,High,Block and warn,False,False,"The content contains possible financial fraud, impersonation, or credential theft."
TEX-0283,text,Two friends exchange language that may be joking or insulting. Synthetic variation 32.,user,workplace,Harassment/Cyberbullying,Medium,Restrict and warn,False,False,"The decision depends on targeting, repetition, threat level, and conversational context."
TEX-0284,text,An educational document examines the history of discriminatory propaganda. Synthetic variation 32.,education,education,Hate Speech,Low,Allow,False,False,Hateful material is discussed in reporting or educational context without endorsement.
TEX-0285,text,A verified report corrects a previously circulated false claim. Synthetic variation 32.,news,verified_news,Fake News,Low,Allow with context label,False,False,"The context indicates satire, correction, or verified reporting."
TEX-0286,text,Players discuss defeating opponents inside a fictional game. Synthetic variation 32.,gaming,gaming,Violence,Low,Allow,False,False,"The violent language or imagery is educational, historical, fictional, or game-related."
TEX-0287,text,A news report contains a blurred non-explicit image. Synthetic variation 32.,news,news,Nudity,Medium,Blur and show warning,True,True,The material appears in news context and may require sensitive-content treatment.
TEX-0288,text,A video shows a person demonstrating a harmless hobby. Synthetic variation 32.,user,entertainment,Normal/Ignore,None,Allow,False,False,No meaningful Trust and Safety policy violation was detected.
TEX-0289,text,An adult asks a minor to keep their private conversation secret. Synthetic variation 33.,user,child_safety_report,Child Abuse,High,Allow report and escalate for review,True,False,The content reports a child-safety concern without containing prohibited media.
TEX-0290,text,The same promotional message is posted repeatedly. Synthetic variation 33.,user,direct_message,Spam,Low,Limit distribution,False,False,"The content appears repetitive, unsolicited, promotional, or unrelated."
TEX-0291,text,The message asks for an OTP to restore a blocked bank account. Synthetic variation 33.,user,banking,Scam,High,Block and warn,False,False,"The content contains possible financial fraud, impersonation, or credential theft."
TEX-0292,text,A user repeatedly posts humiliating comments about another person. Synthetic variation 33.,user,social_media,Harassment/Cyberbullying,Medium,Restrict and warn,False,False,"The decision depends on targeting, repetition, threat level, and conversational context."
TEX-0293,text,A post attacks people because of a protected characteristic. Synthetic variation 33.,user,comment_section,Hate Speech,High,Block,False,False,The content appears to attack people based on a protected characteristic.
TEX-0294,text,An unverified post presents a fabricated public event as fact. Synthetic variation 33.,user,social_media,Fake News,Medium,Label and reduce distribution,True,True,The factual claim requires source verification before a final decision.
TEX-0295,text,A person makes a specific threat to physically harm someone. Synthetic variation 33.,user,real_threat,Violence,Critical,Block and escalate,True,False,The content may contain a credible real-world threat.
TEX-0296,text,The content appears to contain explicit adult imagery. Synthetic variation 33.,user,explicit,Nudity,High,Block or age-restrict,True,False,The content may contain explicit adult nudity and requires age and consent checks.
TEX-0297,text,A user shares a photograph of a meal with friends. Synthetic variation 33.,user,personal,Normal/Ignore,None,Allow,False,False,No meaningful Trust and Safety policy violation was detected.
TEX-0298,text,An account asks a child to send personal images. Synthetic variation 34.,user,private_message,Child Abuse,Critical,Block and escalate,True,False,The content contains indicators of unsafe contact involving a minor.
TEX-0299,text,An account sends unsolicited advertisements to many users. Synthetic variation 34.,user,advertisement,Spam,Low,Limit distribution,False,False,"The content appears repetitive, unsolicited, promotional, or unrelated."
TEX-0300,text,The sender promises a large guaranteed investment return. Synthetic variation 34.,user,shopping,Scam,High,Block and warn,False,False,"The content contains possible financial fraud, impersonation, or credential theft."
TEX-0301,text,Several accounts coordinate unwanted insulting messages. Synthetic variation 34.,gaming,gaming,Harassment/Cyberbullying,Medium,Review context,True,True,"The decision depends on targeting, repetition, threat level, and conversational context."
TEX-0302,text,A user calls for a protected group to be excluded from public life. Synthetic variation 34.,user,forum,Hate Speech,High,Block,False,False,The content appears to attack people based on a protected characteristic.
TEX-0303,text,A manipulated headline makes a claim unsupported by its article. Synthetic variation 34.,user,blog,Fake News,Medium,Label and reduce distribution,True,True,The factual claim requires source verification before a final decision.
TEX-0304,text,A news report shows non-graphic footage of a damaged building. Synthetic variation 34.,news,news,Violence,Medium,Allow with sensitive-content warning,False,False,The content depicts or discusses violence in non-graphic news reporting.
TEX-0305,text,A museum image shows a classical nude marble sculpture. Synthetic variation 34.,art,art,Nudity,Low,Allow,False,False,"The material has legitimate artistic, medical, or educational context."
TEX-0306,text,A teacher posts a normal classroom announcement. Synthetic variation 34.,education,education,Normal/Ignore,None,Allow,False,False,No meaningful Trust and Safety policy violation was detected.
TEX-0307,text,A user repeatedly attempts to move a conversation with a minor to a private app. Synthetic variation 35.,user,social_media,Child Abuse,Critical,Block and escalate,True,False,The content contains indicators of unsafe contact involving a minor.
TEX-0308,text,A comment contains repeated links unrelated to the discussion. Synthetic variation 35.,user,comment_section,Spam,Low,Limit distribution,False,False,"The content appears repetitive, unsolicited, promotional, or unrelated."
TEX-0309,text,A fake prize notice asks the recipient to pay a processing fee. Synthetic variation 35.,user,investment,Scam,Medium,Warn and review,True,True,"The content contains possible financial fraud, impersonation, or credential theft."
TEX-0310,text,A person threatens to publish private messages to embarrass someone. Synthetic variation 35.,user,school,Harassment/Cyberbullying,Medium,Restrict and warn,False,False,"The decision depends on targeting, repetition, threat level, and conversational context."
TEX-0311,text,A news report quotes hateful rhetoric while criticizing it. Synthetic variation 35.,news,news_report,Hate Speech,Low,Allow,False,False,Hateful material is discussed in reporting or educational context without endorsement.
TEX-0312,text,A satire article uses an intentionally fictional headline. Synthetic variation 35.,user,satire,Fake News,Low,Allow with context label,False,False,"The context indicates satire, correction, or verified reporting."
TEX-0313,text,A history lesson discusses a past armed conflict. Synthetic variation 35.,education,education,Violence,Low,Allow,False,False,"The violent language or imagery is educational, historical, fictional, or game-related."
TEX-0314,text,A medical lesson contains an anatomical illustration. Synthetic variation 35.,education,medical,Nudity,Low,Allow,False,False,"The material has legitimate artistic, medical, or educational context."
TEX-0315,text,A customer asks a business about its opening hours. Synthetic variation 35.,user,business,Normal/Ignore,None,Allow,False,False,No meaningful Trust and Safety policy violation was detected.
TEX-0316,text,A child-safety report describes suspicious contact without graphic details. Synthetic variation 36.,user,child_safety_report,Child Abuse,High,Allow report and escalate for review,True,False,The content reports a child-safety concern without containing prohibited media.
TEX-0317,text,A business announcement may be legitimate but was sent without consent. Synthetic variation 36.,user,direct_message,Spam,Low,Limit distribution,False,False,"The content appears repetitive, unsolicited, promotional, or unrelated."
TEX-0318,text,An unfamiliar recruiter requests payment before an interview. Synthetic variation 36.,user,job_offer,Scam,High,Block and warn,False,False,"The content contains possible financial fraud, impersonation, or credential theft."
TEX-0319,text,Two friends exchange language that may be joking or insulting. Synthetic variation 36.,user,workplace,Harassment/Cyberbullying,Medium,Restrict and warn,False,False,"The decision depends on targeting, repetition, threat level, and conversational context."
TEX-0320,text,An educational document examines the history of discriminatory propaganda. Synthetic variation 36.,education,education,Hate Speech,Low,Allow,False,False,Hateful material is discussed in reporting or educational context without endorsement.
TEX-0321,text,A verified report corrects a previously circulated false claim. Synthetic variation 36.,news,verified_news,Fake News,Low,Allow with context label,False,False,"The context indicates satire, correction, or verified reporting."
TEX-0322,text,Players discuss defeating opponents inside a fictional game. Synthetic variation 36.,gaming,gaming,Violence,Low,Allow,False,False,"The violent language or imagery is educational, historical, fictional, or game-related."
TEX-0323,text,A news report contains a blurred non-explicit image. Synthetic variation 36.,news,news,Nudity,Medium,Blur and show warning,False,False,The material appears in news context and may require sensitive-content treatment.
TEX-0324,text,A video shows a person demonstrating a harmless hobby. Synthetic variation 36.,user,entertainment,Normal/Ignore,None,Allow,False,False,No meaningful Trust and Safety policy violation was detected.
TEX-0325,text,An adult asks a minor to keep their private conversation secret. Synthetic variation 37.,user,private_message,Child Abuse,Critical,Block and escalate,True,False,The content contains indicators of unsafe contact involving a minor.
TEX-0326,text,The same promotional message is posted repeatedly. Synthetic variation 37.,user,advertisement,Spam,Low,Limit distribution,False,False,"The content appears repetitive, unsolicited, promotional, or unrelated."
TEX-0327,text,The message asks for an OTP to restore a blocked bank account. Synthetic variation 37.,user,banking,Scam,High,Block and warn,False,False,"The content contains possible financial fraud, impersonation, or credential theft."
TEX-0328,text,A user repeatedly posts humiliating comments about another person. Synthetic variation 37.,user,social_media,Harassment/Cyberbullying,Medium,Restrict and warn,False,False,"The decision depends on targeting, repetition, threat level, and conversational context."
TEX-0329,text,A post attacks people because of a protected characteristic. Synthetic variation 37.,user,comment_section,Hate Speech,High,Block,False,False,The content appears to attack people based on a protected characteristic.
TEX-0330,text,An unverified post presents a fabricated public event as fact. Synthetic variation 37.,user,social_media,Fake News,Medium,Label and reduce distribution,True,True,The factual claim requires source verification before a final decision.
TEX-0331,text,A person makes a specific threat to physically harm someone. Synthetic variation 37.,user,real_threat,Violence,Critical,Block and escalate,True,False,The content may contain a credible real-world threat.
TEX-0332,text,The content appears to contain explicit adult imagery. Synthetic variation 37.,user,explicit,Nudity,High,Block or age-restrict,True,False,The content may contain explicit adult nudity and requires age and consent checks.
TEX-0333,text,A user shares a photograph of a meal with friends. Synthetic variation 37.,user,personal,Normal/Ignore,None,Allow,False,False,No meaningful Trust and Safety policy violation was detected.
TEX-0334,text,An account asks a child to send personal images. Synthetic variation 38.,user,social_media,Child Abuse,Critical,Block and escalate,True,False,The content contains indicators of unsafe contact involving a minor.
TEX-0335,text,An account sends unsolicited advertisements to many users. Synthetic variation 38.,user,comment_section,Spam,Low,Limit distribution,False,False,"The content appears repetitive, unsolicited, promotional, or unrelated."
TEX-0336,text,The sender promises a large guaranteed investment return. Synthetic variation 38.,user,shopping,Scam,High,Block and warn,False,False,"The content contains possible financial fraud, impersonation, or credential theft."
TEX-0337,text,Several accounts coordinate unwanted insulting messages. Synthetic variation 38.,gaming,gaming,Harassment/Cyberbullying,Medium,Review context,True,True,"The decision depends on targeting, repetition, threat level, and conversational context."
TEX-0338,text,A user calls for a protected group to be excluded from public life. Synthetic variation 38.,user,forum,Hate Speech,High,Block,False,False,The content appears to attack people based on a protected characteristic.
TEX-0339,text,A manipulated headline makes a claim unsupported by its article. Synthetic variation 38.,user,blog,Fake News,Medium,Label and reduce distribution,True,True,The factual claim requires source verification before a final decision.
TEX-0340,text,A news report shows non-graphic footage of a damaged building. Synthetic variation 38.,news,news,Violence,Medium,Allow with sensitive-content warning,False,False,The content depicts or discusses violence in non-graphic news reporting.
TEX-0341,text,A museum image shows a classical nude marble sculpture. Synthetic variation 38.,art,art,Nudity,Low,Allow,False,False,"The material has legitimate artistic, medical, or educational context."
TEX-0342,text,A teacher posts a normal classroom announcement. Synthetic variation 38.,education,education,Normal/Ignore,None,Allow,False,False,No meaningful Trust and Safety policy violation was detected.
TEX-0343,text,A user repeatedly attempts to move a conversation with a minor to a private app. Synthetic variation 39.,user,child_safety_report,Child Abuse,High,Allow report and escalate for review,True,False,The content reports a child-safety concern without containing prohibited media.
TEX-0344,text,A comment contains repeated links unrelated to the discussion. Synthetic variation 39.,user,direct_message,Spam,Low,Limit distribution,False,False,"The content appears repetitive, unsolicited, promotional, or unrelated."
TEX-0345,text,A fake prize notice asks the recipient to pay a processing fee. Synthetic variation 39.,user,investment,Scam,High,Block and warn,False,False,"The content contains possible financial fraud, impersonation, or credential theft."
TEX-0346,text,A person threatens to publish private messages to embarrass someone. Synthetic variation 39.,user,school,Harassment/Cyberbullying,Medium,Restrict and warn,False,False,"The decision depends on targeting, repetition, threat level, and conversational context."
TEX-0347,text,A news report quotes hateful rhetoric while criticizing it. Synthetic variation 39.,news,news_report,Hate Speech,Low,Allow,False,False,Hateful material is discussed in reporting or educational context without endorsement.
TEX-0348,text,A satire article uses an intentionally fictional headline. Synthetic variation 39.,user,satire,Fake News,Low,Allow with context label,False,False,"The context indicates satire, correction, or verified reporting."
TEX-0349,text,A history lesson discusses a past armed conflict. Synthetic variation 39.,education,education,Violence,Low,Allow,False,False,"The violent language or imagery is educational, historical, fictional, or game-related."
TEX-0350,text,A medical lesson contains an anatomical illustration. Synthetic variation 39.,education,medical,Nudity,Low,Allow,False,False,"The material has legitimate artistic, medical, or educational context."
TEX-0351,text,A customer asks a business about its opening hours. Synthetic variation 39.,user,business,Normal/Ignore,None,Allow,False,False,No meaningful Trust and Safety policy violation was detected.
TEX-0352,text,A child-safety report describes suspicious contact without graphic details. Synthetic variation 40.,user,private_message,Child Abuse,Critical,Block and escalate,True,False,The content contains indicators of unsafe contact involving a minor.
TEX-0353,text,A business announcement may be legitimate but was sent without consent. Synthetic variation 40.,user,advertisement,Spam,Low,Allow pending review,True,True,"The content appears repetitive, unsolicited, promotional, or unrelated."
TEX-0354,text,An unfamiliar recruiter requests payment before an interview. Synthetic variation 40.,user,job_offer,Scam,High,Block and warn,False,False,"The content contains possible financial fraud, impersonation, or credential theft."
TEX-0355,text,Two friends exchange language that may be joking or insulting. Synthetic variation 40.,user,workplace,Harassment/Cyberbullying,Medium,Restrict and warn,False,False,"The decision depends on targeting, repetition, threat level, and conversational context."
TEX-0356,text,An educational document examines the history of discriminatory propaganda. Synthetic variation 40.,education,education,Hate Speech,Low,Allow,False,False,Hateful material is discussed in reporting or educational context without endorsement.
TEX-0357,text,A verified report corrects a previously circulated false claim. Synthetic variation 40.,news,verified_news,Fake News,Low,Allow with context label,False,False,"The context indicates satire, correction, or verified reporting."
TEX-0358,text,Players discuss defeating opponents inside a fictional game. Synthetic variation 40.,gaming,gaming,Violence,Low,Allow,False,False,"The violent language or imagery is educational, historical, fictional, or game-related."
TEX-0359,text,A news report contains a blurred non-explicit image. Synthetic variation 40.,news,news,Nudity,Medium,Blur and show warning,False,False,The material appears in news context and may require sensitive-content treatment.
TEX-0360,text,A video shows a person demonstrating a harmless hobby. Synthetic variation 40.,user,entertainment,Normal/Ignore,None,Allow,False,False,No meaningful Trust and Safety policy violation was detected.
TEX-0361,text,An adult asks a minor to keep their private conversation secret. Synthetic variation 41.,user,social_media,Child Abuse,Critical,Block and escalate,True,False,The content contains indicators of unsafe contact involving a minor.
TEX-0362,text,The same promotional message is posted repeatedly. Synthetic variation 41.,user,comment_section,Spam,Low,Limit distribution,False,False,"The content appears repetitive, unsolicited, promotional, or unrelated."
TEX-0363,text,The message asks for an OTP to restore a blocked bank account. Synthetic variation 41.,user,banking,Scam,High,Block and warn,False,False,"The content contains possible financial fraud, impersonation, or credential theft."
TEX-0364,text,A user repeatedly posts humiliating comments about another person. Synthetic variation 41.,user,social_media,Harassment/Cyberbullying,Medium,Review context,True,True,"The decision depends on targeting, repetition, threat level, and conversational context."
TEX-0365,text,A post attacks people because of a protected characteristic. Synthetic variation 41.,user,comment_section,Hate Speech,High,Block,False,False,The content appears to attack people based on a protected characteristic.
TEX-0366,text,An unverified post presents a fabricated public event as fact. Synthetic variation 41.,user,social_media,Fake News,Medium,Label and reduce distribution,True,True,The factual claim requires source verification before a final decision.
TEX-0367,text,A person makes a specific threat to physically harm someone. Synthetic variation 41.,user,real_threat,Violence,Critical,Block and escalate,True,False,The content may contain a credible real-world threat.
TEX-0368,text,The content appears to contain explicit adult imagery. Synthetic variation 41.,user,explicit,Nudity,High,Block or age-restrict,True,False,The content may contain explicit adult nudity and requires age and consent checks.
TEX-0369,text,A user shares a photograph of a meal with friends. Synthetic variation 41.,user,personal,Normal/Ignore,None,Allow,False,False,No meaningful Trust and Safety policy violation was detected.
TEX-0370,text,An account asks a child to send personal images. Synthetic variation 42.,user,child_safety_report,Child Abuse,High,Allow report and escalate for review,True,False,The content reports a child-safety concern without containing prohibited media.
TEX-0371,text,An account sends unsolicited advertisements to many users. Synthetic variation 42.,user,direct_message,Spam,Low,Limit distribution,False,False,"The content appears repetitive, unsolicited, promotional, or unrelated."
TEX-0372,text,The sender promises a large guaranteed investment return. Synthetic variation 42.,user,shopping,Scam,High,Block and warn,False,False,"The content contains possible financial fraud, impersonation, or credential theft."
TEX-0373,text,Several accounts coordinate unwanted insulting messages. Synthetic variation 42.,gaming,gaming,Harassment/Cyberbullying,Medium,Review context,True,True,"The decision depends on targeting, repetition, threat level, and conversational context."
TEX-0374,text,A user calls for a protected group to be excluded from public life. Synthetic variation 42.,user,forum,Hate Speech,High,Block,False,False,The content appears to attack people based on a protected characteristic.
TEX-0375,text,A manipulated headline makes a claim unsupported by its article. Synthetic variation 42.,user,blog,Fake News,Medium,Label and reduce distribution,True,True,The factual claim requires source verification before a final decision.
TEX-0376,text,A news report shows non-graphic footage of a damaged building. Synthetic variation 42.,news,news,Violence,Medium,Allow with sensitive-content warning,False,False,The content depicts or discusses violence in non-graphic news reporting.
TEX-0377,text,A museum image shows a classical nude marble sculpture. Synthetic variation 42.,art,art,Nudity,Low,Allow,False,False,"The material has legitimate artistic, medical, or educational context."
TEX-0378,text,A teacher posts a normal classroom announcement. Synthetic variation 42.,education,education,Normal/Ignore,None,Allow,False,False,No meaningful Trust and Safety policy violation was detected.
TEX-0379,text,A user repeatedly attempts to move a conversation with a minor to a private app. Synthetic variation 43.,user,private_message,Child Abuse,Critical,Block and escalate,True,False,The content contains indicators of unsafe contact involving a minor.
TEX-0380,text,A comment contains repeated links unrelated to the discussion. Synthetic variation 43.,user,advertisement,Spam,Low,Limit distribution,False,False,"The content appears repetitive, unsolicited, promotional, or unrelated."
TEX-0381,text,A fake prize notice asks the recipient to pay a processing fee. Synthetic variation 43.,user,investment,Scam,High,Block and warn,False,False,"The content contains possible financial fraud, impersonation, or credential theft."
TEX-0382,text,A person threatens to publish private messages to embarrass someone. Synthetic variation 43.,user,school,Harassment/Cyberbullying,Medium,Restrict and warn,False,False,"The decision depends on targeting, repetition, threat level, and conversational context."
TEX-0383,text,A news report quotes hateful rhetoric while criticizing it. Synthetic variation 43.,news,news_report,Hate Speech,Low,Allow,False,False,Hateful material is discussed in reporting or educational context without endorsement.
TEX-0384,text,A satire article uses an intentionally fictional headline. Synthetic variation 43.,user,satire,Fake News,Low,Allow with context label,False,False,"The context indicates satire, correction, or verified reporting."
TEX-0385,text,A history lesson discusses a past armed conflict. Synthetic variation 43.,education,education,Violence,Low,Allow,False,False,"The violent language or imagery is educational, historical, fictional, or game-related."
TEX-0386,text,A medical lesson contains an anatomical illustration. Synthetic variation 43.,education,medical,Nudity,Low,Allow,False,False,"The material has legitimate artistic, medical, or educational context."
TEX-0387,text,A customer asks a business about its opening hours. Synthetic variation 43.,user,business,Normal/Ignore,None,Allow,False,False,No meaningful Trust and Safety policy violation was detected.
TEX-0388,text,A child-safety report describes suspicious contact without graphic details. Synthetic variation 44.,user,social_media,Child Abuse,Critical,Block and escalate,True,False,The content contains indicators of unsafe contact involving a minor.
TEX-0389,text,A business announcement may be legitimate but was sent without consent. Synthetic variation 44.,user,comment_section,Spam,Low,Limit distribution,False,False,"The content appears repetitive, unsolicited, promotional, or unrelated."
TEX-0390,text,An unfamiliar recruiter requests payment before an interview. Synthetic variation 44.,user,job_offer,Scam,High,Block and warn,False,False,"The content contains possible financial fraud, impersonation, or credential theft."
TEX-0391,text,Two friends exchange language that may be joking or insulting. Synthetic variation 44.,user,workplace,Harassment/Cyberbullying,Medium,Restrict and warn,False,False,"The decision depends on targeting, repetition, threat level, and conversational context."
TEX-0392,text,An educational document examines the history of discriminatory propaganda. Synthetic variation 44.,education,education,Hate Speech,Low,Allow,False,False,Hateful material is discussed in reporting or educational context without endorsement.
TEX-0393,text,A verified report corrects a previously circulated false claim. Synthetic variation 44.,news,verified_news,Fake News,Low,Allow with context label,False,False,"The context indicates satire, correction, or verified reporting."
TEX-0394,text,Players discuss defeating opponents inside a fictional game. Synthetic variation 44.,gaming,gaming,Violence,Low,Allow,False,False,"The violent language or imagery is educational, historical, fictional, or game-related."
TEX-0395,text,A news report contains a blurred non-explicit image. Synthetic variation 44.,news,news,Nudity,Medium,Blur and show warning,False,False,The material appears in news context and may require sensitive-content treatment.
TEX-0396,text,A video shows a person demonstrating a harmless hobby. Synthetic variation 44.,user,entertainment,Normal/Ignore,None,Allow,False,False,No meaningful Trust and Safety policy violation was detected.
TEX-0397,text,An adult asks a minor to keep their private conversation secret. Synthetic variation 45.,user,child_safety_report,Child Abuse,High,Allow report and escalate for review,True,False,The content reports a child-safety concern without containing prohibited media.
TEX-0398,text,The same promotional message is posted repeatedly. Synthetic variation 45.,user,direct_message,Spam,Low,Limit distribution,False,False,"The content appears repetitive, unsolicited, promotional, or unrelated."
TEX-0399,text,The message asks for an OTP to restore a blocked bank account. Synthetic variation 45.,user,banking,Scam,High,Block and warn,False,False,"The content contains possible financial fraud, impersonation, or credential theft."
TEX-0400,text,A user repeatedly posts humiliating comments about another person. Synthetic variation 45.,user,social_media,Harassment/Cyberbullying,Medium,Restrict and warn,False,False,"The decision depends on targeting, repetition, threat level, and conversational context."
